Book,Chapter,Word,Frequency
Colossians,1,god,15
Colossians,1,christ,13
Colossians,1,good,6
Colossians,1,gods,5
Colossians,1,heard,5
Colossians,1,news,5
Colossians,1,us,5
Colossians,1,everything,5
Colossians,1,people,4
Colossians,1,give,4
Colossians,1,first,4
Colossians,1,lives,4
Colossians,1,body,4
Colossians,1,jesus,3
Colossians,1,holy,3
Colossians,1,father,3
Colossians,1,always,3
Colossians,1,truth,3
Colossians,1,world,3
Colossians,1,christs,3
Colossians,1,given,3
Colossians,1,live,3
Colossians,1,created,3
Colossians,1,church,3
Colossians,1,paul,2
Colossians,1,faithful,2
Colossians,1,may,2
Colossians,1,grace,2
Colossians,1,peace,2
Colossians,1,pray,2
Colossians,1,lord,2
Colossians,1,love,2
Colossians,1,heaven,2
Colossians,1,since,2
Colossians,1,fruit,2
Colossians,1,servant,2
Colossians,1,others,2
Colossians,1,wisdom,2
Colossians,1,know,2
Colossians,1,better,2
Colossians,1,also,2
Colossians,1,power,2
Colossians,1,kingdom,2
Colossians,1,existed,2
Colossians,1,anything,2
Colossians,1,supreme,2
Colossians,1,creation,2
Colossians,1,earth,2
Colossians,1,made,2
Colossians,1,things,2
Colossians,1,see,2
Colossians,1,reconciled,2
Colossians,1,away,2
Colossians,1,stand,2
Colossians,1,continue,2
Colossians,1,assurance,2
Colossians,1,message,2
Colossians,1,secret,2
Colossians,1,glory,2
Colossians,1,everyone,2
Colossians,1,letter,1
Colossians,1,chosen,1
Colossians,1,apostle,1
Colossians,1,brother,1
Colossians,1,timothy,1
Colossians,1,writing,1
Colossians,1,city,1
Colossians,1,colosse,1
Colossians,1,brothers,1
Colossians,1,sisters,1
Colossians,1,thanks,1
Colossians,1,faith,1
Colossians,1,come,1
Colossians,1,confident,1
Colossians,1,hope,1
Colossians,1,reserved,1
Colossians,1,expectation,1
Colossians,1,ever,1
Colossians,1,came,1
Colossians,1,going,1
Colossians,1,bearing,1
Colossians,1,everywhere,1
Colossians,1,changing,1
Colossians,1,changed,1
Colossians,1,day,1
Colossians,1,understood,1
Colossians,1,wonderful,1
Colossians,1,learned,1
Colossians,1,epaphras,1
Colossians,1,beloved,1
Colossians,1,coworker,1
Colossians,1,helping,1
Colossians,1,behalf,1
Colossians,1,told,1
Colossians,1,spirit,1
Colossians,1,stopped,1
Colossians,1,praying,1
Colossians,1,ask,1
Colossians,1,complete,1
Colossians,1,knowledge,1
Colossians,1,spiritual,1
Colossians,1,understanding,1
Colossians,1,way,1
Colossians,1,honor,1
Colossians,1,please,1
Colossians,1,produce,1
Colossians,1,every,1
Colossians,1,kind,1
Colossians,1,grow,1
Colossians,1,learn,1
Colossians,1,strengthened,1
Colossians,1,glorious,1
Colossians,1,endurance,1
Colossians,1,patience,1
Colossians,1,need,1
Colossians,1,filled,1
Colossians,1,joy,1
Colossians,1,thanking,1
Colossians,1,enabled,1
Colossians,1,share,1
Colossians,1,inheritance,1
Colossians,1,belongs,1
Colossians,1,light,1
Colossians,1,rescued,1
Colossians,1,darkness,1
Colossians,1,transferred,1
Colossians,1,dear,1
Colossians,1,son,1
Colossians,1,purchased,1
Colossians,1,freedom,1
Colossians,1,forgave,1
Colossians,1,sins,1
Colossians,1,visible,1
Colossians,1,image,1
Colossians,1,invisible,1
Colossians,1,heavenly,1
Colossians,1,realms,1
Colossians,1,cant,1
Colossians,1,thrones,1
Colossians,1,kingdoms,1
Colossians,1,rulers,1
Colossians,1,authorities,1
Colossians,1,unseen,1
Colossians,1,else,1
Colossians,1,holds,1
Colossians,1,together,1
Colossians,1,head,1
Colossians,1,beginning,1
Colossians,1,rise,1
Colossians,1,dead,1
Colossians,1,fullness,1
Colossians,1,pleased,1
Colossians,1,means,1
Colossians,1,blood,1
Colossians,1,cross,1
Colossians,1,includes,1
Colossians,1,far,1
Colossians,1,enemies,1
Colossians,1,separated,1
Colossians,1,evil,1
Colossians,1,thoughts,1
Colossians,1,actions,1
Colossians,1,yet,1
Colossians,1,death,1
Colossians,1,physical,1
Colossians,1,result,1
Colossians,1,brought,1
Colossians,1,presence,1
Colossians,1,blameless,1
Colossians,1,without,1
Colossians,1,single,1
Colossians,1,fault,1
Colossians,1,must,1
Colossians,1,believe,1
Colossians,1,firmly,1
Colossians,1,dont,1
Colossians,1,drift,1
Colossians,1,received,1
Colossians,1,preached,1
Colossians,1,appointed,1
Colossians,1,proclaim,1
Colossians,1,glad,1
Colossians,1,suffer,1
Colossians,1,participating,1
Colossians,1,sufferings,1
Colossians,1,responsibility,1
Colossians,1,serving,1
Colossians,1,proclaiming,1
Colossians,1,entire,1
Colossians,1,kept,1
Colossians,1,centuries,1
Colossians,1,generations,1
Colossians,1,past,1
Colossians,1,revealed,1
Colossians,1,wanted,1
Colossians,1,riches,1
Colossians,1,gentiles,1
Colossians,1,gives,1
Colossians,1,sharing,1
Colossians,1,tell,1
Colossians,1,warning,1
Colossians,1,teaching,1
Colossians,1,want,1
Colossians,1,present,1
Colossians,1,perfect,1
Colossians,1,relationship,1
Colossians,1,thats,1
Colossians,1,work,1
Colossians,1,struggle,1
Colossians,1,hard,1
Colossians,1,depending,1
Colossians,1,mighty,1
Colossians,1,works,1
Colossians,1,within,1
Colossians,2,christ,14
Colossians,2,dont,6
Colossians,2,let,5
Colossians,2,strong,4
Colossians,2,away,4
Colossians,2,spiritual,4
Colossians,2,god,4
Colossians,2,rules,4
Colossians,2,want,3
Colossians,2,anyone,3
Colossians,2,human,3
Colossians,2,world,3
Colossians,2,body,3
Colossians,2,sinful,3
Colossians,2,together,2
Colossians,2,complete,2
Colossians,2,faith,2
Colossians,2,grow,2
Colossians,2,lives,2
Colossians,2,come,2
Colossians,2,powers,2
Colossians,2,head,2
Colossians,2,nature,2
Colossians,2,raised,2
Colossians,2,new,2
Colossians,2,dead,2
Colossians,2,sins,2
Colossians,2,yet,2
Colossians,2,made,2
Colossians,2,cross,2
Colossians,2,condemn,2
Colossians,2,reality,2
Colossians,2,pious,2
Colossians,2,selfdenial,2
Colossians,2,things,2
Colossians,2,know,1
Colossians,2,much,1
Colossians,2,agonized,1
Colossians,2,church,1
Colossians,2,laodicea,1
Colossians,2,many,1
Colossians,2,believers,1
Colossians,2,never,1
Colossians,2,met,1
Colossians,2,personally,1
Colossians,2,encouraged,1
Colossians,2,knit,1
Colossians,2,ties,1
Colossians,2,love,1
Colossians,2,confidence,1
Colossians,2,understand,1
Colossians,2,gods,1
Colossians,2,mysterious,1
Colossians,2,plan,1
Colossians,2,lie,1
Colossians,2,hidden,1
Colossians,2,treasures,1
Colossians,2,wisdom,1
Colossians,2,knowledge,1
Colossians,2,telling,1
Colossians,2,one,1
Colossians,2,deceive,1
Colossians,2,wellcrafted,1
Colossians,2,arguments,1
Colossians,2,though,1
Colossians,2,far,1
Colossians,2,heart,1
Colossians,2,rejoice,1
Colossians,2,living,1
Colossians,2,accepted,1
Colossians,2,jesus,1
Colossians,2,lord,1
Colossians,2,must,1
Colossians,2,continue,1
Colossians,2,follow,1
Colossians,2,roots,1
Colossians,2,built,1
Colossians,2,truth,1
Colossians,2,taught,1
Colossians,2,overflow,1
Colossians,2,thankfulness,1
Colossians,2,capture,1
Colossians,2,empty,1
Colossians,2,philosophies,1
Colossians,2,highsounding,1
Colossians,2,nonsense,1
Colossians,2,thinking,1
Colossians,2,rather,1
Colossians,2,fullness,1
Colossians,2,also,1
Colossians,2,union,1
Colossians,2,every,1
Colossians,2,ruler,1
Colossians,2,authority,1
Colossians,2,came,1
Colossians,2,circumcised,1
Colossians,2,physical,1
Colossians,2,procedure,1
Colossians,2,performed,1
Colossians,2,circumcisionthe,1
Colossians,2,cutting,1
Colossians,2,buried,1
Colossians,2,baptized,1
Colossians,2,life,1
Colossians,2,trusted,1
Colossians,2,mighty,1
Colossians,2,power,1
Colossians,2,cut,1
Colossians,2,alive,1
Colossians,2,forgave,1
Colossians,2,canceled,1
Colossians,2,record,1
Colossians,2,charges,1
Colossians,2,us,1
Colossians,2,took,1
Colossians,2,nailing,1
Colossians,2,way,1
Colossians,2,disarmed,1
Colossians,2,rulers,1
Colossians,2,authorities,1
Colossians,2,shamed,1
Colossians,2,publicly,1
Colossians,2,victory,1
Colossians,2,eat,1
Colossians,2,drink,1
Colossians,2,celebrating,1
Colossians,2,certain,1
Colossians,2,holy,1
Colossians,2,days,1
Colossians,2,moon,1
Colossians,2,ceremonies,1
Colossians,2,sabbaths,1
Colossians,2,shadows,1
Colossians,2,insisting,1
Colossians,2,worship,1
Colossians,2,angels,1
Colossians,2,saying,1
Colossians,2,visions,1
Colossians,2,minds,1
Colossians,2,proud,1
Colossians,2,connected,1
Colossians,2,holds,1
Colossians,2,whole,1
Colossians,2,joints,1
Colossians,2,ligaments,1
Colossians,2,grows,1
Colossians,2,nourishes,1
Colossians,2,died,1
Colossians,2,set,1
Colossians,2,free,1
Colossians,2,keep,1
Colossians,2,following,1
Colossians,2,handle,1
Colossians,2,taste,1
Colossians,2,touch,1
Colossians,2,mere,1
Colossians,2,teachings,1
Colossians,2,deteriorate,1
Colossians,2,use,1
Colossians,2,may,1
Colossians,2,seem,1
Colossians,2,wise,1
Colossians,2,require,1
Colossians,2,devotion,1
Colossians,2,severe,1
Colossians,2,bodily,1
Colossians,2,discipline,1
Colossians,2,provide,1
Colossians,2,help,1
Colossians,2,conquering,1
Colossians,2,persons,1
Colossians,2,evil,1
Colossians,2,desires,1
Colossians,3,christ,8
Colossians,3,lord,7
Colossians,3,life,6
Colossians,3,god,6
Colossians,3,things,5
Colossians,3,new,3
Colossians,3,world,3
Colossians,3,since,2
Colossians,3,heaven,2
Colossians,3,put,2
Colossians,3,sinful,2
Colossians,3,earthly,2
Colossians,3,dont,2
Colossians,3,greedy,2
Colossians,3,anger,2
Colossians,3,time,2
Colossians,3,nature,2
Colossians,3,become,2
Colossians,3,lives,2
Colossians,3,us,2
Colossians,3,people,2
Colossians,3,must,2
Colossians,3,clothe,2
Colossians,3,others,2
Colossians,3,forgive,2
Colossians,3,remember,2
Colossians,3,love,2
Colossians,3,let,2
Colossians,3,peace,2
Colossians,3,hearts,2
Colossians,3,always,2
Colossians,3,thankful,2
Colossians,3,whatever,2
Colossians,3,wives,2
Colossians,3,husbands,2
Colossians,3,children,2
Colossians,3,obey,2
Colossians,3,wrong,2
Colossians,3,raised,1
Colossians,3,set,1
Colossians,3,sights,1
Colossians,3,realities,1
Colossians,3,sits,1
Colossians,3,place,1
Colossians,3,honor,1
Colossians,3,gods,1
Colossians,3,right,1
Colossians,3,hand,1
Colossians,3,think,1
Colossians,3,earth,1
Colossians,3,died,1
Colossians,3,real,1
Colossians,3,hidden,1
Colossians,3,revealed,1
Colossians,3,whole,1
Colossians,3,share,1
Colossians,3,glory,1
Colossians,3,death,1
Colossians,3,lurking,1
Colossians,3,within,1
Colossians,3,nothing,1
Colossians,3,sexual,1
Colossians,3,immorality,1
Colossians,3,impurity,1
Colossians,3,lust,1
Colossians,3,evil,1
Colossians,3,desires,1
Colossians,3,person,1
Colossians,3,idolater,1
Colossians,3,worshiping,1
Colossians,3,sins,1
Colossians,3,coming,1
Colossians,3,used,1
Colossians,3,still,1
Colossians,3,part,1
Colossians,3,get,1
Colossians,3,rid,1
Colossians,3,rage,1
Colossians,3,malicious,1
Colossians,3,behavior,1
Colossians,3,slander,1
Colossians,3,dirty,1
Colossians,3,language,1
Colossians,3,lie,1
Colossians,3,stripped,1
Colossians,3,old,1
Colossians,3,wicked,1
Colossians,3,deeds,1
Colossians,3,renewed,1
Colossians,3,learn,1
Colossians,3,know,1
Colossians,3,creator,1
Colossians,3,like,1
Colossians,3,doesnt,1
Colossians,3,matter,1
Colossians,3,jew,1
Colossians,3,gentile,1
Colossians,3,circumcised,1
Colossians,3,uncircumcised,1
Colossians,3,barbaric,1
Colossians,3,uncivilized,1
Colossians,3,slave,1
Colossians,3,free,1
Colossians,3,matters,1
Colossians,3,chose,1
Colossians,3,holy,1
Colossians,3,loves,1
Colossians,3,tenderhearted,1
Colossians,3,mercy,1
Colossians,3,kindness,1
Colossians,3,humility,1
Colossians,3,gentleness,1
Colossians,3,patience,1
Colossians,3,make,1
Colossians,3,allowance,1
Colossians,3,faults,1
Colossians,3,anyone,1
Colossians,3,offends,1
Colossians,3,forgave,1
Colossians,3,binds,1
Colossians,3,together,1
Colossians,3,perfect,1
Colossians,3,harmony,1
Colossians,3,comes,1
Colossians,3,rule,1
Colossians,3,members,1
Colossians,3,one,1
Colossians,3,body,1
Colossians,3,called,1
Colossians,3,live,1
Colossians,3,message,1
Colossians,3,richness,1
Colossians,3,fill,1
Colossians,3,teach,1
Colossians,3,counsel,1
Colossians,3,wisdom,1
Colossians,3,gives,1
Colossians,3,sing,1
Colossians,3,psalms,1
Colossians,3,hymns,1
Colossians,3,spiritual,1
Colossians,3,songs,1
Colossians,3,say,1
Colossians,3,representative,1
Colossians,3,jesus,1
Colossians,3,giving,1
Colossians,3,thanks,1
Colossians,3,father,1
Colossians,3,submit,1
Colossians,3,fitting,1
Colossians,3,belong,1
Colossians,3,never,1
Colossians,3,treat,1
Colossians,3,harshly,1
Colossians,3,parents,1
Colossians,3,pleases,1
Colossians,3,fathers,1
Colossians,3,aggravate,1
Colossians,3,discouraged,1
Colossians,3,slaves,1
Colossians,3,masters,1
Colossians,3,everything,1
Colossians,3,try,1
Colossians,3,please,1
Colossians,3,watching,1
Colossians,3,serve,1
Colossians,3,sincerely,1
Colossians,3,reverent,1
Colossians,3,fear,1
Colossians,3,work,1
Colossians,3,willingly,1
Colossians,3,though,1
Colossians,3,working,1
Colossians,3,rather,1
Colossians,3,give,1
Colossians,3,inheritance,1
Colossians,3,reward,1
Colossians,3,master,1
Colossians,3,serving,1
Colossians,3,paid,1
Colossians,3,back,1
Colossians,3,done,1
Colossians,3,favorites,1
Colossians,4,greetings,5
Colossians,4,also,4
Colossians,4,god,4
Colossians,4,sends,4
Colossians,4,give,3
Colossians,4,believers,3
Colossians,4,make,3
Colossians,4,beloved,3
Colossians,4,laodicea,3
Colossians,4,read,3
Colossians,4,remember,2
Colossians,4,pray,2
Colossians,4,us,2
Colossians,4,christ,2
Colossians,4,chains,2
Colossians,4,among,2
Colossians,4,let,2
Colossians,4,tychicus,2
Colossians,4,brother,2
Colossians,4,faithful,2
Colossians,4,one,2
Colossians,4,mark,2
Colossians,4,jesus,2
Colossians,4,prays,2
Colossians,4,church,2
Colossians,4,letter,2
Colossians,4,masters,1
Colossians,4,fair,1
Colossians,4,slaves,1
Colossians,4,masterin,1
Colossians,4,heaven,1
Colossians,4,devote,1
Colossians,4,prayer,1
Colossians,4,alert,1
Colossians,4,mind,1
Colossians,4,thankful,1
Colossians,4,heart,1
Colossians,4,many,1
Colossians,4,opportunities,1
Colossians,4,speak,1
Colossians,4,mysterious,1
Colossians,4,plan,1
Colossians,4,concerning,1
Colossians,4,proclaim,1
Colossians,4,message,1
Colossians,4,clearly,1
Colossians,4,live,1
Colossians,4,wisely,1
Colossians,4,every,1
Colossians,4,opportunity,1
Colossians,4,conversation,1
Colossians,4,gracious,1
Colossians,4,attractive,1
Colossians,4,right,1
Colossians,4,response,1
Colossians,4,everyone,1
Colossians,4,full,1
Colossians,4,report,1
Colossians,4,getting,1
Colossians,4,along,1
Colossians,4,helper,1
Colossians,4,serves,1
Colossians,4,lords,1
Colossians,4,work,1
Colossians,4,sent,1
Colossians,4,purposeto,1
Colossians,4,know,1
Colossians,4,encourage,1
Colossians,4,sending,1
Colossians,4,onesimus,1
Colossians,4,people,1
Colossians,4,tell,1
Colossians,4,everything,1
Colossians,4,thats,1
Colossians,4,happening,1
Colossians,4,aristarchus,1
Colossians,4,prison,1
Colossians,4,barnabass,1
Colossians,4,cousin,1
Colossians,4,instructed,1
Colossians,4,welcome,1
Colossians,4,comes,1
Colossians,4,way,1
Colossians,4,call,1
Colossians,4,justus,1
Colossians,4,jewish,1
Colossians,4,coworkers,1
Colossians,4,working,1
Colossians,4,kingdom,1
Colossians,4,comfort,1
Colossians,4,epaphras,1
Colossians,4,member,1
Colossians,4,fellowship,1
Colossians,4,servant,1
Colossians,4,always,1
Colossians,4,earnestly,1
Colossians,4,asking,1
Colossians,4,strong,1
Colossians,4,perfect,1
Colossians,4,fully,1
Colossians,4,confident,1
Colossians,4,following,1
Colossians,4,whole,1
Colossians,4,assure,1
Colossians,4,hard,1
Colossians,4,hierapolis,1
Colossians,4,luke,1
Colossians,4,doctor,1
Colossians,4,demas,1
Colossians,4,please,1
Colossians,4,brothers,1
Colossians,4,sisters,1
Colossians,4,nympha,1
Colossians,4,meets,1
Colossians,4,house,1
Colossians,4,pass,1
Colossians,4,wrote,1
Colossians,4,say,1
Colossians,4,archippus,1
Colossians,4,sure,1
Colossians,4,carry,1
Colossians,4,ministry,1
Colossians,4,lord,1
Colossians,4,gave,1
Colossians,4,greeting,1
Colossians,4,handwritingpaul,1
Colossians,4,may,1
Colossians,4,gods,1
Colossians,4,grace,1
Ephesians,1,christ,15
Ephesians,1,god,14
Ephesians,1,us,12
Ephesians,1,jesus,7
Ephesians,1,gods,6
Ephesians,1,holy,4
Ephesians,1,people,4
Ephesians,1,lord,4
Ephesians,1,praise,4
Ephesians,1,plan,4
Ephesians,1,father,3
Ephesians,1,give,3
Ephesians,1,grace,3
Ephesians,1,made,3
Ephesians,1,world,3
Ephesians,1,glorious,3
Ephesians,1,authority,3
Ephesians,1,inheritance,3
Ephesians,1,also,3
Ephesians,1,pray,3
Ephesians,1,power,3
Ephesians,1,things,3
Ephesians,1,spiritual,2
Ephesians,1,heavenly,2
Ephesians,1,realms,2
Ephesians,1,united,2
Ephesians,1,chose,2
Ephesians,1,advance,2
Ephesians,1,pleasure,2
Ephesians,1,son,2
Ephesians,1,rich,2
Ephesians,1,kindness,2
Ephesians,1,purchased,2
Ephesians,1,wisdom,2
Ephesians,1,good,2
Ephesians,1,right,2
Ephesians,1,bring,2
Ephesians,1,everything,2
Ephesians,1,first,2
Ephesians,1,would,2
Ephesians,1,heard,2
Ephesians,1,spirit,2
Ephesians,1,promised,2
Ephesians,1,everywhere,2
Ephesians,1,understand,2
Ephesians,1,church,2
Ephesians,1,letter,1
Ephesians,1,paul,1
Ephesians,1,chosen,1
Ephesians,1,apostle,1
Ephesians,1,writing,1
Ephesians,1,ephesus,1
Ephesians,1,faithful,1
Ephesians,1,followers,1
Ephesians,1,may,1
Ephesians,1,peace,1
Ephesians,1,blessed,1
Ephesians,1,every,1
Ephesians,1,blessing,1
Ephesians,1,even,1
Ephesians,1,loved,1
Ephesians,1,without,1
Ephesians,1,fault,1
Ephesians,1,eyes,1
Ephesians,1,decided,1
Ephesians,1,adopt,1
Ephesians,1,family,1
Ephesians,1,bringing,1
Ephesians,1,wanted,1
Ephesians,1,gave,1
Ephesians,1,great,1
Ephesians,1,poured,1
Ephesians,1,belong,1
Ephesians,1,dear,1
Ephesians,1,freedom,1
Ephesians,1,blood,1
Ephesians,1,forgave,1
Ephesians,1,sins,1
Ephesians,1,showered,1
Ephesians,1,along,1
Ephesians,1,understanding,1
Ephesians,1,revealed,1
Ephesians,1,mysterious,1
Ephesians,1,regarding,1
Ephesians,1,fulfill,1
Ephesians,1,time,1
Ephesians,1,together,1
Ephesians,1,christeverything,1
Ephesians,1,heaven,1
Ephesians,1,earth,1
Ephesians,1,furthermore,1
Ephesians,1,received,1
Ephesians,1,makes,1
Ephesians,1,work,1
Ephesians,1,according,1
Ephesians,1,purpose,1
Ephesians,1,jews,1
Ephesians,1,trust,1
Ephesians,1,glory,1
Ephesians,1,gentiles,1
Ephesians,1,truth,1
Ephesians,1,news,1
Ephesians,1,saves,1
Ephesians,1,believed,1
Ephesians,1,identified,1
Ephesians,1,giving,1
Ephesians,1,long,1
Ephesians,1,ago,1
Ephesians,1,guarantee,1
Ephesians,1,glorify,1
Ephesians,1,ever,1
Ephesians,1,since,1
Ephesians,1,strong,1
Ephesians,1,faith,1
Ephesians,1,love,1
Ephesians,1,stopped,1
Ephesians,1,thanking,1
Ephesians,1,constantly,1
Ephesians,1,asking,1
Ephesians,1,insight,1
Ephesians,1,might,1
Ephesians,1,grow,1
Ephesians,1,knowledge,1
Ephesians,1,hearts,1
Ephesians,1,flooded,1
Ephesians,1,light,1
Ephesians,1,confident,1
Ephesians,1,hope,1
Ephesians,1,given,1
Ephesians,1,calledhis,1
Ephesians,1,incredible,1
Ephesians,1,greatness,1
Ephesians,1,believe,1
Ephesians,1,mighty,1
Ephesians,1,raised,1
Ephesians,1,dead,1
Ephesians,1,seated,1
Ephesians,1,place,1
Ephesians,1,honor,1
Ephesians,1,hand,1
Ephesians,1,far,1
Ephesians,1,ruler,1
Ephesians,1,leader,1
Ephesians,1,anything,1
Ephesians,1,elsenot,1
Ephesians,1,come,1
Ephesians,1,put,1
Ephesians,1,head,1
Ephesians,1,benefit,1
Ephesians,1,body,1
Ephesians,1,full,1
Ephesians,1,complete,1
Ephesians,1,fills,1
Ephesians,2,us,15
Ephesians,2,christ,12
Ephesians,2,god,10
Ephesians,2,gentiles,6
Ephesians,2,gods,5
Ephesians,2,jesus,5
Ephesians,2,dead,4
Ephesians,2,united,4
Ephesians,2,jews,4
Ephesians,2,people,4
Ephesians,2,peace,4
Ephesians,2,used,3
Ephesians,2,world,3
Ephesians,2,spirit,3
Ephesians,2,grace,3
Ephesians,2,done,3
Ephesians,2,good,3
Ephesians,2,made,3
Ephesians,2,brought,3
Ephesians,2,one,3
Ephesians,2,together,3
Ephesians,2,holy,3
Ephesians,2,sins,2
Ephesians,2,live,2
Ephesians,2,like,2
Ephesians,2,hearts,2
Ephesians,2,nature,2
Ephesians,2,even,2
Ephesians,2,though,2
Ephesians,2,raised,2
Ephesians,2,saved,2
Ephesians,2,along,2
Ephesians,2,toward,2
Ephesians,2,things,2
Ephesians,2,without,2
Ephesians,2,far,2
Ephesians,2,away,2
Ephesians,2,near,2
Ephesians,2,body,2
Ephesians,2,cross,2
Ephesians,2,hostility,2
Ephesians,2,groups,2
Ephesians,2,death,2
Ephesians,2,disobedience,1
Ephesians,2,many,1
Ephesians,2,sin,1
Ephesians,2,rest,1
Ephesians,2,obeying,1
Ephesians,2,devilthe,1
Ephesians,2,commander,1
Ephesians,2,powers,1
Ephesians,2,unseen,1
Ephesians,2,work,1
Ephesians,2,refuse,1
Ephesians,2,obey,1
Ephesians,2,way,1
Ephesians,2,following,1
Ephesians,2,passionate,1
Ephesians,2,desires,1
Ephesians,2,inclinations,1
Ephesians,2,sinful,1
Ephesians,2,subject,1
Ephesians,2,anger,1
Ephesians,2,everyone,1
Ephesians,2,else,1
Ephesians,2,rich,1
Ephesians,2,mercy,1
Ephesians,2,loved,1
Ephesians,2,much,1
Ephesians,2,gave,1
Ephesians,2,life,1
Ephesians,2,seated,1
Ephesians,2,heavenly,1
Ephesians,2,realms,1
Ephesians,2,point,1
Ephesians,2,future,1
Ephesians,2,ages,1
Ephesians,2,examples,1
Ephesians,2,incredible,1
Ephesians,2,wealth,1
Ephesians,2,kindness,1
Ephesians,2,shown,1
Ephesians,2,believed,1
Ephesians,2,cant,1
Ephesians,2,take,1
Ephesians,2,credit,1
Ephesians,2,gift,1
Ephesians,2,salvation,1
Ephesians,2,reward,1
Ephesians,2,none,1
Ephesians,2,boast,1
Ephesians,2,masterpiece,1
Ephesians,2,created,1
Ephesians,2,anew,1
Ephesians,2,planned,1
Ephesians,2,long,1
Ephesians,2,ago,1
Ephesians,2,dont,1
Ephesians,2,forget,1
Ephesians,2,outsiders,1
Ephesians,2,called,1
Ephesians,2,uncircumcised,1
Ephesians,2,heathens,1
Ephesians,2,proud,1
Ephesians,2,circumcision,1
Ephesians,2,affected,1
Ephesians,2,bodies,1
Ephesians,2,days,1
Ephesians,2,living,1
Ephesians,2,apart,1
Ephesians,2,excluded,1
Ephesians,2,citizenship,1
Ephesians,2,among,1
Ephesians,2,israel,1
Ephesians,2,know,1
Ephesians,2,covenant,1
Ephesians,2,promises,1
Ephesians,2,lived,1
Ephesians,2,hope,1
Ephesians,2,blood,1
Ephesians,2,broke,1
Ephesians,2,wall,1
Ephesians,2,separated,1
Ephesians,2,ending,1
Ephesians,2,system,1
Ephesians,2,law,1
Ephesians,2,commandments,1
Ephesians,2,regulations,1
Ephesians,2,creating,1
Ephesians,2,new,1
Ephesians,2,two,1
Ephesians,2,reconciled,1
Ephesians,2,means,1
Ephesians,2,put,1
Ephesians,2,news,1
Ephesians,2,come,1
Ephesians,2,father,1
Ephesians,2,longer,1
Ephesians,2,strangers,1
Ephesians,2,foreigners,1
Ephesians,2,citizens,1
Ephesians,2,members,1
Ephesians,2,family,1
Ephesians,2,house,1
Ephesians,2,built,1
Ephesians,2,foundation,1
Ephesians,2,apostles,1
Ephesians,2,prophets,1
Ephesians,2,cornerstone,1
Ephesians,2,carefully,1
Ephesians,2,joined,1
Ephesians,2,becoming,1
Ephesians,2,temple,1
Ephesians,2,lord,1
Ephesians,2,also,1
Ephesians,2,part,1
Ephesians,2,dwelling,1
Ephesians,2,lives,1
Ephesians,3,christ,9
Ephesians,3,gods,8
Ephesians,3,god,6
Ephesians,3,plan,5
Ephesians,3,jesus,4
Ephesians,3,gentiles,4
Ephesians,3,power,4
Ephesians,3,think,3
Ephesians,3,understand,3
Ephesians,3,love,3
Ephesians,3,gave,2
Ephesians,3,grace,2
Ephesians,3,revealed,2
Ephesians,3,mysterious,2
Ephesians,3,generations,2
Ephesians,3,spirit,2
Ephesians,3,good,2
Ephesians,3,news,2
Ephesians,3,mighty,2
Ephesians,3,privilege,2
Ephesians,3,though,2
Ephesians,3,people,2
Ephesians,3,creator,2
Ephesians,3,church,2
Ephesians,3,pray,2
Ephesians,3,may,2
Ephesians,3,glory,2
Ephesians,3,paul,1
Ephesians,3,prisoner,1
Ephesians,3,benefit,1
Ephesians,3,assuming,1
Ephesians,3,way,1
Ephesians,3,know,1
Ephesians,3,special,1
Ephesians,3,responsibility,1
Ephesians,3,extending,1
Ephesians,3,briefly,1
Ephesians,3,wrote,1
Ephesians,3,earlier,1
Ephesians,3,read,1
Ephesians,3,written,1
Ephesians,3,insight,1
Ephesians,3,regarding,1
Ephesians,3,reveal,1
Ephesians,3,previous,1
Ephesians,3,holy,1
Ephesians,3,apostles,1
Ephesians,3,prophets,1
Ephesians,3,jews,1
Ephesians,3,believe,1
Ephesians,3,share,1
Ephesians,3,equally,1
Ephesians,3,riches,1
Ephesians,3,inherited,1
Ephesians,3,children,1
Ephesians,3,part,1
Ephesians,3,body,1
Ephesians,3,enjoy,1
Ephesians,3,promise,1
Ephesians,3,blessings,1
Ephesians,3,belong,1
Ephesians,3,given,1
Ephesians,3,serving,1
Ephesians,3,spreading,1
Ephesians,3,least,1
Ephesians,3,deserving,1
Ephesians,3,graciously,1
Ephesians,3,telling,1
Ephesians,3,endless,1
Ephesians,3,treasures,1
Ephesians,3,available,1
Ephesians,3,chosen,1
Ephesians,3,explain,1
Ephesians,3,everyone,1
Ephesians,3,things,1
Ephesians,3,kept,1
Ephesians,3,secret,1
Ephesians,3,beginning,1
Ephesians,3,purpose,1
Ephesians,3,use,1
Ephesians,3,display,1
Ephesians,3,wisdom,1
Ephesians,3,rich,1
Ephesians,3,variety,1
Ephesians,3,unseen,1
Ephesians,3,rulers,1
Ephesians,3,authorities,1
Ephesians,3,heavenly,1
Ephesians,3,places,1
Ephesians,3,eternal,1
Ephesians,3,carried,1
Ephesians,3,lord,1
Ephesians,3,faith,1
Ephesians,3,come,1
Ephesians,3,boldly,1
Ephesians,3,confidently,1
Ephesians,3,presence,1
Ephesians,3,please,1
Ephesians,3,dont,1
Ephesians,3,lose,1
Ephesians,3,heart,1
Ephesians,3,trials,1
Ephesians,3,suffering,1
Ephesians,3,feel,1
Ephesians,3,honored,1
Ephesians,3,fall,1
Ephesians,3,knees,1
Ephesians,3,father,1
Ephesians,3,everything,1
Ephesians,3,heaven,1
Ephesians,3,earth,1
Ephesians,3,glorious,1
Ephesians,3,unlimited,1
Ephesians,3,resources,1
Ephesians,3,empower,1
Ephesians,3,inner,1
Ephesians,3,strength,1
Ephesians,3,make,1
Ephesians,3,home,1
Ephesians,3,hearts,1
Ephesians,3,trust,1
Ephesians,3,roots,1
Ephesians,3,grow,1
Ephesians,3,keep,1
Ephesians,3,strong,1
Ephesians,3,wide,1
Ephesians,3,long,1
Ephesians,3,high,1
Ephesians,3,deep,1
Ephesians,3,experience,1
Ephesians,3,great,1
Ephesians,3,fully,1
Ephesians,3,made,1
Ephesians,3,complete,1
Ephesians,3,fullness,1
Ephesians,3,life,1
Ephesians,3,comes,1
Ephesians,3,able,1
Ephesians,3,work,1
Ephesians,3,within,1
Ephesians,3,us,1
Ephesians,3,accomplish,1
Ephesians,3,infinitely,1
Ephesians,3,might,1
Ephesians,3,ask,1
Ephesians,3,forever,1
Ephesians,3,ever,1
Ephesians,3,amen,1
Ephesians,4,one,11
Ephesians,4,christ,8
Ephesians,4,body,6
Ephesians,4,god,4
Ephesians,4,every,4
Ephesians,4,spirit,4
Ephesians,4,like,4
Ephesians,4,truth,4
Ephesians,4,instead,4
Ephesians,4,let,4
Ephesians,4,lord,3
Ephesians,4,life,3
Ephesians,4,love,3
Ephesians,4,us,3
Ephesians,4,say,3
Ephesians,4,ascended,3
Ephesians,4,people,3
Ephesians,4,church,3
Ephesians,4,gods,3
Ephesians,4,work,3
Ephesians,4,full,3
Ephesians,4,way,3
Ephesians,4,live,3
Ephesians,4,dont,3
Ephesians,4,anger,3
Ephesians,4,called,2
Ephesians,4,others,2
Ephesians,4,together,2
Ephesians,4,faith,2
Ephesians,4,special,2
Ephesians,4,gave,2
Ephesians,4,gifts,2
Ephesians,4,descended,2
Ephesians,4,longer,2
Ephesians,4,new,2
Ephesians,4,lies,2
Ephesians,4,growing,2
Ephesians,4,whole,2
Ephesians,4,parts,2
Ephesians,4,minds,2
Ephesians,4,gives,2
Ephesians,4,kind,2
Ephesians,4,learned,2
Ephesians,4,nature,2
Ephesians,4,holy,2
Ephesians,4,use,2
Ephesians,4,good,2
Ephesians,4,words,2
Ephesians,4,therefore,1
Ephesians,4,prisoner,1
Ephesians,4,serving,1
Ephesians,4,beg,1
Ephesians,4,lead,1
Ephesians,4,worthy,1
Ephesians,4,calling,1
Ephesians,4,always,1
Ephesians,4,humble,1
Ephesians,4,gentle,1
Ephesians,4,patient,1
Ephesians,4,making,1
Ephesians,4,allowance,1
Ephesians,4,faults,1
Ephesians,4,make,1
Ephesians,4,effort,1
Ephesians,4,keep,1
Ephesians,4,united,1
Ephesians,4,binding,1
Ephesians,4,peace,1
Ephesians,4,glorious,1
Ephesians,4,hope,1
Ephesians,4,future,1
Ephesians,4,baptism,1
Ephesians,4,father,1
Ephesians,4,living,1
Ephesians,4,however,1
Ephesians,4,given,1
Ephesians,4,gift,1
Ephesians,4,generosity,1
Ephesians,4,scriptures,1
Ephesians,4,heights,1
Ephesians,4,led,1
Ephesians,4,crowd,1
Ephesians,4,captives,1
Ephesians,4,notice,1
Ephesians,4,says,1
Ephesians,4,clearly,1
Ephesians,4,means,1
Ephesians,4,also,1
Ephesians,4,lowly,1
Ephesians,4,world,1
Ephesians,4,higher,1
Ephesians,4,heavens,1
Ephesians,4,might,1
Ephesians,4,fill,1
Ephesians,4,entire,1
Ephesians,4,universe,1
Ephesians,4,apostles,1
Ephesians,4,prophets,1
Ephesians,4,evangelists,1
Ephesians,4,pastors,1
Ephesians,4,teachers,1
Ephesians,4,responsibility,1
Ephesians,4,equip,1
Ephesians,4,build,1
Ephesians,4,continue,1
Ephesians,4,come,1
Ephesians,4,unity,1
Ephesians,4,knowledge,1
Ephesians,4,son,1
Ephesians,4,mature,1
Ephesians,4,measuring,1
Ephesians,4,complete,1
Ephesians,4,standard,1
Ephesians,4,immature,1
Ephesians,4,children,1
Ephesians,4,wont,1
Ephesians,4,tossed,1
Ephesians,4,blown,1
Ephesians,4,wind,1
Ephesians,4,teaching,1
Ephesians,4,influenced,1
Ephesians,4,try,1
Ephesians,4,trick,1
Ephesians,4,clever,1
Ephesians,4,sound,1
Ephesians,4,speak,1
Ephesians,4,head,1
Ephesians,4,makes,1
Ephesians,4,fit,1
Ephesians,4,perfectly,1
Ephesians,4,part,1
Ephesians,4,helps,1
Ephesians,4,grow,1
Ephesians,4,healthy,1
Ephesians,4,lords,1
Ephesians,4,authority,1
Ephesians,4,gentiles,1
Ephesians,4,hopelessly,1
Ephesians,4,confused,1
Ephesians,4,darkness,1
Ephesians,4,wander,1
Ephesians,4,far,1
Ephesians,4,closed,1
Ephesians,4,hardened,1
Ephesians,4,hearts,1
Ephesians,4,sense,1
Ephesians,4,shame,1
Ephesians,4,lustful,1
Ephesians,4,pleasure,1
Ephesians,4,eagerly,1
Ephesians,4,practice,1
Ephesians,4,impurity,1
Ephesians,4,isnt,1
Ephesians,4,since,1
Ephesians,4,heard,1
Ephesians,4,jesus,1
Ephesians,4,comes,1
Ephesians,4,throw,1
Ephesians,4,old,1
Ephesians,4,sinful,1
Ephesians,4,former,1
Ephesians,4,corrupted,1
Ephesians,4,lust,1
Ephesians,4,deception,1
Ephesians,4,renew,1
Ephesians,4,thoughts,1
Ephesians,4,attitudes,1
Ephesians,4,put,1
Ephesians,4,created,1
Ephesians,4,godtruly,1
Ephesians,4,righteous,1
Ephesians,4,stop,1
Ephesians,4,telling,1
Ephesians,4,tell,1
Ephesians,4,neighbors,1
Ephesians,4,sin,1
Ephesians,4,letting,1
Ephesians,4,control,1
Ephesians,4,sun,1
Ephesians,4,go,1
Ephesians,4,still,1
Ephesians,4,angry,1
Ephesians,4,foothold,1
Ephesians,4,devil,1
Ephesians,4,thief,1
Ephesians,4,quit,1
Ephesians,4,stealing,1
Ephesians,4,hands,1
Ephesians,4,hard,1
Ephesians,4,give,1
Ephesians,4,generously,1
Ephesians,4,need,1
Ephesians,4,foul,1
Ephesians,4,abusive,1
Ephesians,4,language,1
Ephesians,4,everything,1
Ephesians,4,helpful,1
Ephesians,4,encouragement,1
Ephesians,4,hear,1
Ephesians,4,bring,1
Ephesians,4,sorrow,1
Ephesians,4,remember,1
Ephesians,4,identified,1
Ephesians,4,guaranteeing,1
Ephesians,4,saved,1
Ephesians,4,day,1
Ephesians,4,redemption,1
Ephesians,4,get,1
Ephesians,4,rid,1
Ephesians,4,bitterness,1
Ephesians,4,rage,1
Ephesians,4,harsh,1
Ephesians,4,slander,1
Ephesians,4,well,1
Ephesians,4,types,1
Ephesians,4,evil,1
Ephesians,4,behavior,1
Ephesians,4,tenderhearted,1
Ephesians,4,forgiving,1
Ephesians,4,another,1
Ephesians,4,forgiven,1
Ephesians,5,christ,10
Ephesians,5,church,7
Ephesians,5,god,6
Ephesians,5,love,6
Ephesians,5,light,6
Ephesians,5,lord,6
Ephesians,5,dont,5
Ephesians,5,wife,5
Ephesians,5,everything,4
Ephesians,5,live,4
Ephesians,5,people,4
Ephesians,5,instead,4
Ephesians,5,one,4
Ephesians,5,wives,4
Ephesians,5,husbands,4
Ephesians,5,life,3
Ephesians,5,among,3
Ephesians,5,things,3
Ephesians,5,evil,3
Ephesians,5,holy,3
Ephesians,5,submit,3
Ephesians,5,body,3
Ephesians,5,man,3
Ephesians,5,filled,2
Ephesians,5,loved,2
Ephesians,5,us,2
Ephesians,5,let,2
Ephesians,5,sins,2
Ephesians,5,gods,2
Ephesians,5,talk,2
Ephesians,5,greedy,2
Ephesians,5,person,2
Ephesians,5,darkness,2
Ephesians,5,give,2
Ephesians,5,like,2
Ephesians,5,make,2
Ephesians,5,father,2
Ephesians,5,means,2
Ephesians,5,husband,2
Ephesians,5,head,2
Ephesians,5,without,2
Ephesians,5,way,2
Ephesians,5,loves,2
Ephesians,5,cares,2
Ephesians,5,say,2
Ephesians,5,must,2
Ephesians,5,imitate,1
Ephesians,5,therefore,1
Ephesians,5,dear,1
Ephesians,5,children,1
Ephesians,5,following,1
Ephesians,5,example,1
Ephesians,5,offered,1
Ephesians,5,sacrifice,1
Ephesians,5,pleasing,1
Ephesians,5,aroma,1
Ephesians,5,sexual,1
Ephesians,5,immorality,1
Ephesians,5,impurity,1
Ephesians,5,greed,1
Ephesians,5,place,1
Ephesians,5,obscene,1
Ephesians,5,stories,1
Ephesians,5,foolish,1
Ephesians,5,coarse,1
Ephesians,5,jokesthese,1
Ephesians,5,thankfulness,1
Ephesians,5,sure,1
Ephesians,5,immoral,1
Ephesians,5,impure,1
Ephesians,5,inherit,1
Ephesians,5,kingdom,1
Ephesians,5,idolater,1
Ephesians,5,worshiping,1
Ephesians,5,world,1
Ephesians,5,fooled,1
Ephesians,5,try,1
Ephesians,5,excuse,1
Ephesians,5,anger,1
Ephesians,5,fall,1
Ephesians,5,disobey,1
Ephesians,5,participate,1
Ephesians,5,full,1
Ephesians,5,within,1
Ephesians,5,produces,1
Ephesians,5,good,1
Ephesians,5,right,1
Ephesians,5,true,1
Ephesians,5,carefully,1
Ephesians,5,determine,1
Ephesians,5,pleases,1
Ephesians,5,take,1
Ephesians,5,part,1
Ephesians,5,worthless,1
Ephesians,5,deeds,1
Ephesians,5,expose,1
Ephesians,5,shameful,1
Ephesians,5,even,1
Ephesians,5,ungodly,1
Ephesians,5,secret,1
Ephesians,5,intentions,1
Ephesians,5,exposed,1
Ephesians,5,shines,1
Ephesians,5,makes,1
Ephesians,5,visible,1
Ephesians,5,said,1
Ephesians,5,awake,1
Ephesians,5,sleeper,1
Ephesians,5,rise,1
Ephesians,5,dead,1
Ephesians,5,careful,1
Ephesians,5,fools,1
Ephesians,5,wise,1
Ephesians,5,every,1
Ephesians,5,opportunity,1
Ephesians,5,days,1
Ephesians,5,act,1
Ephesians,5,thoughtlessly,1
Ephesians,5,understand,1
Ephesians,5,wants,1
Ephesians,5,drunk,1
Ephesians,5,wine,1
Ephesians,5,ruin,1
Ephesians,5,spirit,1
Ephesians,5,singing,1
Ephesians,5,psalms,1
Ephesians,5,hymns,1
Ephesians,5,spiritual,1
Ephesians,5,songs,1
Ephesians,5,making,1
Ephesians,5,music,1
Ephesians,5,hearts,1
Ephesians,5,thanks,1
Ephesians,5,name,1
Ephesians,5,jesus,1
Ephesians,5,another,1
Ephesians,5,reverence,1
Ephesians,5,savior,1
Ephesians,5,submits,1
Ephesians,5,gave,1
Ephesians,5,clean,1
Ephesians,5,washed,1
Ephesians,5,cleansing,1
Ephesians,5,word,1
Ephesians,5,present,1
Ephesians,5,glorious,1
Ephesians,5,spot,1
Ephesians,5,wrinkle,1
Ephesians,5,blemish,1
Ephesians,5,fault,1
Ephesians,5,ought,1
Ephesians,5,bodies,1
Ephesians,5,actually,1
Ephesians,5,shows,1
Ephesians,5,hates,1
Ephesians,5,feeds,1
Ephesians,5,members,1
Ephesians,5,scriptures,1
Ephesians,5,leaves,1
Ephesians,5,mother,1
Ephesians,5,joined,1
Ephesians,5,two,1
Ephesians,5,united,1
Ephesians,5,great,1
Ephesians,5,mystery,1
Ephesians,5,illustration,1
Ephesians,5,respect,1
Ephesians,6,lord,7
Ephesians,6,gods,6
Ephesians,6,slaves,4
Ephesians,6,christ,4
Ephesians,6,god,4
Ephesians,6,put,4
Ephesians,6,father,3
Ephesians,6,good,3
Ephesians,6,armor,3
Ephesians,6,evil,3
Ephesians,6,pray,3
Ephesians,6,give,3
Ephesians,6,children,2
Ephesians,6,obey,2
Ephesians,6,right,2
Ephesians,6,honor,2
Ephesians,6,mother,2
Ephesians,6,way,2
Ephesians,6,treat,2
Ephesians,6,rather,2
Ephesians,6,bring,2
Ephesians,6,comes,2
Ephesians,6,masters,2
Ephesians,6,serve,2
Ephesians,6,time,2
Ephesians,6,work,2
Ephesians,6,remember,2
Ephesians,6,word,2
Ephesians,6,mighty,2
Ephesians,6,able,2
Ephesians,6,stand,2
Ephesians,6,firm,2
Ephesians,6,devil,2
Ephesians,6,world,2
Ephesians,6,every,2
Ephesians,6,still,2
Ephesians,6,peace,2
Ephesians,6,news,2
Ephesians,6,spirit,2
Ephesians,6,boldly,2
Ephesians,6,may,2
Ephesians,6,jesus,2
Ephesians,6,love,2
Ephesians,6,parents,1
Ephesians,6,belong,1
Ephesians,6,thing,1
Ephesians,6,first,1
Ephesians,6,commandment,1
Ephesians,6,promise,1
Ephesians,6,things,1
Ephesians,6,go,1
Ephesians,6,well,1
Ephesians,6,long,1
Ephesians,6,life,1
Ephesians,6,earth,1
Ephesians,6,fathers,1
Ephesians,6,provoke,1
Ephesians,6,anger,1
Ephesians,6,discipline,1
Ephesians,6,instruction,1
Ephesians,6,earthly,1
Ephesians,6,deep,1
Ephesians,6,respect,1
Ephesians,6,fear,1
Ephesians,6,sincerely,1
Ephesians,6,would,1
Ephesians,6,try,1
Ephesians,6,please,1
Ephesians,6,watching,1
Ephesians,6,heart,1
Ephesians,6,enthusiasm,1
Ephesians,6,though,1
Ephesians,6,working,1
Ephesians,6,people,1
Ephesians,6,reward,1
Ephesians,6,one,1
Ephesians,6,us,1
Ephesians,6,whether,1
Ephesians,6,free,1
Ephesians,6,dont,1
Ephesians,6,threaten,1
Ephesians,6,master,1
Ephesians,6,heaven,1
Ephesians,6,favorites,1
Ephesians,6,final,1
Ephesians,6,strong,1
Ephesians,6,power,1
Ephesians,6,strategies,1
Ephesians,6,fighting,1
Ephesians,6,fleshandblood,1
Ephesians,6,enemies,1
Ephesians,6,rulers,1
Ephesians,6,authorities,1
Ephesians,6,unseen,1
Ephesians,6,powers,1
Ephesians,6,dark,1
Ephesians,6,spirits,1
Ephesians,6,heavenly,1
Ephesians,6,places,1
Ephesians,6,therefore,1
Ephesians,6,piece,1
Ephesians,6,resist,1
Ephesians,6,enemy,1
Ephesians,6,battle,1
Ephesians,6,standing,1
Ephesians,6,ground,1
Ephesians,6,putting,1
Ephesians,6,belt,1
Ephesians,6,truth,1
Ephesians,6,body,1
Ephesians,6,righteousness,1
Ephesians,6,shoes,1
Ephesians,6,fully,1
Ephesians,6,prepared,1
Ephesians,6,addition,1
Ephesians,6,hold,1
Ephesians,6,shield,1
Ephesians,6,faith,1
Ephesians,6,stop,1
Ephesians,6,fiery,1
Ephesians,6,arrows,1
Ephesians,6,salvation,1
Ephesians,6,helmet,1
Ephesians,6,take,1
Ephesians,6,sword,1
Ephesians,6,times,1
Ephesians,6,occasion,1
Ephesians,6,stay,1
Ephesians,6,alert,1
Ephesians,6,persistent,1
Ephesians,6,prayers,1
Ephesians,6,believers,1
Ephesians,6,everywhere,1
Ephesians,6,ask,1
Ephesians,6,words,1
Ephesians,6,explain,1
Ephesians,6,mysterious,1
Ephesians,6,plan,1
Ephesians,6,jews,1
Ephesians,6,gentiles,1
Ephesians,6,alike,1
Ephesians,6,chains,1
Ephesians,6,preaching,1
Ephesians,6,message,1
Ephesians,6,ambassador,1
Ephesians,6,keep,1
Ephesians,6,speaking,1
Ephesians,6,date,1
Ephesians,6,tychicus,1
Ephesians,6,full,1
Ephesians,6,report,1
Ephesians,6,getting,1
Ephesians,6,along,1
Ephesians,6,beloved,1
Ephesians,6,brother,1
Ephesians,6,faithful,1
Ephesians,6,helper,1
Ephesians,6,lords,1
Ephesians,6,sent,1
Ephesians,6,purposeto,1
Ephesians,6,let,1
Ephesians,6,know,1
Ephesians,6,encourage,1
Ephesians,6,dear,1
Ephesians,6,brothers,1
Ephesians,6,sisters,1
Ephesians,6,faithfulness,1
Ephesians,6,grace,1
Ephesians,6,eternally,1
Ephesians,6,upon,1
Galatians,1,god,9
Galatians,1,jesus,6
Galatians,1,christ,6
Galatians,1,good,5
Galatians,1,news,5
Galatians,1,people,4
Galatians,1,human,4
Galatians,1,one,4
Galatians,1,father,3
Galatians,1,us,3
Galatians,1,know,3
Galatians,1,went,3
Galatians,1,letter,2
Galatians,1,apostle,2
Galatians,1,brothers,2
Galatians,1,sisters,2
Galatians,1,churches,2
Galatians,1,grace,2
Galatians,1,away,2
Galatians,1,called,2
Galatians,1,different,2
Galatians,1,let,2
Galatians,1,gods,2
Galatians,1,anyone,2
Galatians,1,even,2
Galatians,1,preaches,2
Galatians,1,would,2
Galatians,1,message,2
Galatians,1,received,2
Galatians,1,instead,2
Galatians,1,destroy,2
Galatians,1,consult,2
Galatians,1,jerusalem,2
Galatians,1,later,2
Galatians,1,paul,1
Galatians,1,appointed,1
Galatians,1,group,1
Galatians,1,authority,1
Galatians,1,raised,1
Galatians,1,dead,1
Galatians,1,join,1
Galatians,1,sending,1
Galatians,1,galatia,1
Galatians,1,may,1
Galatians,1,lord,1
Galatians,1,give,1
Galatians,1,peace,1
Galatians,1,gave,1
Galatians,1,life,1
Galatians,1,sins,1
Galatians,1,planned,1
Galatians,1,order,1
Galatians,1,rescue,1
Galatians,1,evil,1
Galatians,1,world,1
Galatians,1,live,1
Galatians,1,glory,1
Galatians,1,forever,1
Galatians,1,ever,1
Galatians,1,amen,1
Galatians,1,shocked,1
Galatians,1,turning,1
Galatians,1,soon,1
Galatians,1,loving,1
Galatians,1,mercy,1
Galatians,1,following,1
Galatians,1,way,1
Galatians,1,pretends,1
Galatians,1,fooled,1
Galatians,1,deliberately,1
Galatians,1,twist,1
Galatians,1,truth,1
Galatians,1,concerning,1
Galatians,1,curse,1
Galatians,1,fall,1
Galatians,1,including,1
Galatians,1,angel,1
Galatians,1,heaven,1
Galatians,1,kind,1
Galatians,1,preached,1
Galatians,1,say,1
Galatians,1,said,1
Galatians,1,welcomed,1
Galatians,1,person,1
Galatians,1,cursed,1
Galatians,1,obviously,1
Galatians,1,im,1
Galatians,1,trying,1
Galatians,1,win,1
Galatians,1,approval,1
Galatians,1,pleasing,1
Galatians,1,goal,1
Galatians,1,christs,1
Galatians,1,servant,1
Galatians,1,dear,1
Galatians,1,want,1
Galatians,1,understand,1
Galatians,1,gospel,1
Galatians,1,preach,1
Galatians,1,based,1
Galatians,1,mere,1
Galatians,1,reasoning,1
Galatians,1,source,1
Galatians,1,taught,1
Galatians,1,direct,1
Galatians,1,revelation,1
Galatians,1,like,1
Galatians,1,followed,1
Galatians,1,jewish,1
Galatians,1,religionhow,1
Galatians,1,violently,1
Galatians,1,persecuted,1
Galatians,1,church,1
Galatians,1,best,1
Galatians,1,far,1
Galatians,1,ahead,1
Galatians,1,fellow,1
Galatians,1,jews,1
Galatians,1,zeal,1
Galatians,1,traditions,1
Galatians,1,ancestors,1
Galatians,1,born,1
Galatians,1,chose,1
Galatians,1,marvelous,1
Galatians,1,pleased,1
Galatians,1,reveal,1
Galatians,1,son,1
Galatians,1,proclaim,1
Galatians,1,gentiles,1
Galatians,1,happened,1
Galatians,1,rush,1
Galatians,1,go,1
Galatians,1,apostles,1
Galatians,1,arabia,1
Galatians,1,returned,1
Galatians,1,city,1
Galatians,1,damascus,1
Galatians,1,three,1
Galatians,1,years,1
Galatians,1,get,1
Galatians,1,peter,1
Galatians,1,stayed,1
Galatians,1,fifteen,1
Galatians,1,days,1
Galatians,1,met,1
Galatians,1,time,1
Galatians,1,james,1
Galatians,1,lords,1
Galatians,1,brother,1
Galatians,1,declare,1
Galatians,1,writing,1
Galatians,1,lie,1
Galatians,1,visit,1
Galatians,1,north,1
Galatians,1,provinces,1
Galatians,1,syria,1
Galatians,1,cilicia,1
Galatians,1,still,1
Galatians,1,judea,1
Galatians,1,didnt,1
Galatians,1,personally,1
Galatians,1,knew,1
Galatians,1,saying,1
Galatians,1,used,1
Galatians,1,persecute,1
Galatians,1,preaching,1
Galatians,1,faith,1
Galatians,1,tried,1
Galatians,1,praised,1
Galatians,2,god,13
Galatians,2,christ,9
Galatians,2,gentiles,7
Galatians,2,law,7
Galatians,2,us,6
Galatians,2,peter,6
Galatians,2,preaching,5
Galatians,2,made,5
Galatians,2,right,5
Galatians,2,came,4
Galatians,2,jewish,4
Galatians,2,jews,4
Galatians,2,barnabas,3
Galatians,2,leaders,3
Galatians,2,church,3
Galatians,2,message,3
Galatians,2,wanted,3
Galatians,2,make,3
Galatians,2,even,3
Galatians,2,gentile,3
Galatians,2,believers,3
Galatians,2,jesus,3
Galatians,2,gospel,3
Galatians,2,given,3
Galatians,2,keep,3
Galatians,2,faith,3
Galatians,2,live,3
Galatians,2,went,2
Galatians,2,titus,2
Galatians,2,nothing,2
Galatians,2,circumcised,2
Galatians,2,follow,2
Galatians,2,truth,2
Galatians,2,saw,2
Galatians,2,responsibility,2
Galatians,2,worked,2
Galatians,2,apostle,2
Galatians,2,james,2
Galatians,2,hypocrisy,2
Galatians,2,led,2
Galatians,2,birth,2
Galatians,2,like,2
Galatians,2,trying,2
Galatians,2,obeying,2
Galatians,2,might,2
Galatians,2,old,2
Galatians,2,fourteen,1
Galatians,2,years,1
Galatians,2,later,1
Galatians,2,back,1
Galatians,2,jerusalem,1
Galatians,2,time,1
Galatians,2,along,1
Galatians,2,revealed,1
Galatians,2,go,1
Galatians,2,met,1
Galatians,2,privately,1
Galatians,2,considered,1
Galatians,2,shared,1
Galatians,2,sure,1
Galatians,2,agreement,1
Galatians,2,fear,1
Galatians,2,efforts,1
Galatians,2,wasted,1
Galatians,2,running,1
Galatians,2,race,1
Galatians,2,supported,1
Galatians,2,demand,1
Galatians,2,companion,1
Galatians,2,though,1
Galatians,2,question,1
Galatians,2,socalled,1
Galatians,2,therefalse,1
Galatians,2,ones,1
Galatians,2,really,1
Galatians,2,secretly,1
Galatians,2,brought,1
Galatians,2,sneaked,1
Galatians,2,spy,1
Galatians,2,take,1
Galatians,2,away,1
Galatians,2,freedom,1
Galatians,2,enslave,1
Galatians,2,force,1
Galatians,2,regulations,1
Galatians,2,refused,1
Galatians,2,give,1
Galatians,2,single,1
Galatians,2,moment,1
Galatians,2,preserve,1
Galatians,2,add,1
Galatians,2,way,1
Galatians,2,reputation,1
Galatians,2,great,1
Galatians,2,difference,1
Galatians,2,favorites,1
Galatians,2,instead,1
Galatians,2,also,1
Galatians,2,fact,1
Galatians,2,john,1
Galatians,2,known,1
Galatians,2,pillars,1
Galatians,2,recognized,1
Galatians,2,gift,1
Galatians,2,accepted,1
Galatians,2,coworkers,1
Galatians,2,encouraged,1
Galatians,2,continued,1
Galatians,2,work,1
Galatians,2,suggestion,1
Galatians,2,helping,1
Galatians,2,poor,1
Galatians,2,always,1
Galatians,2,eager,1
Galatians,2,antioch,1
Galatians,2,oppose,1
Galatians,2,face,1
Galatians,2,wrong,1
Galatians,2,first,1
Galatians,2,arrived,1
Galatians,2,ate,1
Galatians,2,afterward,1
Galatians,2,friends,1
Galatians,2,wouldnt,1
Galatians,2,eat,1
Galatians,2,anymore,1
Galatians,2,afraid,1
Galatians,2,criticism,1
Galatians,2,people,1
Galatians,2,insisted,1
Galatians,2,necessity,1
Galatians,2,circumcision,1
Galatians,2,result,1
Galatians,2,followed,1
Galatians,2,peters,1
Galatians,2,astray,1
Galatians,2,following,1
Galatians,2,said,1
Galatians,2,front,1
Galatians,2,others,1
Galatians,2,since,1
Galatians,2,jew,1
Galatians,2,discarded,1
Galatians,2,laws,1
Galatians,2,living,1
Galatians,2,traditions,1
Galatians,2,sinners,1
Galatians,2,yet,1
Galatians,2,know,1
Galatians,2,person,1
Galatians,2,believed,1
Galatians,2,obeyed,1
Galatians,2,one,1
Galatians,2,ever,1
Galatians,2,suppose,1
Galatians,2,seek,1
Galatians,2,found,1
Galatians,2,guilty,1
Galatians,2,abandoned,1
Galatians,2,would,1
Galatians,2,mean,1
Galatians,2,sin,1
Galatians,2,absolutely,1
Galatians,2,rather,1
Galatians,2,sinner,1
Galatians,2,rebuild,1
Galatians,2,system,1
Galatians,2,already,1
Galatians,2,tore,1
Galatians,2,tried,1
Galatians,2,condemned,1
Galatians,2,died,1
Galatians,2,lawi,1
Galatians,2,stopped,1
Galatians,2,meet,1
Galatians,2,requirementsso,1
Galatians,2,self,1
Galatians,2,crucified,1
Galatians,2,longer,1
Galatians,2,lives,1
Galatians,2,earthly,1
Galatians,2,body,1
Galatians,2,trusting,1
Galatians,2,son,1
Galatians,2,loved,1
Galatians,2,gave,1
Galatians,2,treat,1
Galatians,2,grace,1
Galatians,2,meaningless,1
Galatians,2,keeping,1
Galatians,2,could,1
Galatians,2,need,1
Galatians,2,die,1
Galatians,3,god,20
Galatians,3,law,18
Galatians,3,christ,14
Galatians,3,faith,13
Galatians,3,abraham,11
Galatians,3,way,7
Galatians,3,promise,7
Galatians,3,one,6
Galatians,3,gods,6
Galatians,3,jesus,5
Galatians,3,made,5
Galatians,3,spirit,5
Galatians,3,scriptures,5
Galatians,3,gave,5
Galatians,3,could,5
Galatians,3,children,4
Galatians,3,put,4
Galatians,3,right,4
Galatians,3,say,4
Galatians,3,life,4
Galatians,3,us,4
Galatians,3,receive,3
Galatians,3,holy,3
Galatians,3,obeying,3
Galatians,3,moses,3
Galatians,3,course,3
Galatians,3,received,3
Galatians,3,new,3
Galatians,3,trying,3
Galatians,3,righteous,3
Galatians,3,would,3
Galatians,3,curse,3
Galatians,3,promised,3
Galatians,3,agreement,3
Galatians,3,mediator,3
Galatians,3,foolish,2
Galatians,3,death,2
Galatians,3,clear,2
Galatians,3,cross,2
Galatians,3,let,2
Galatians,3,ask,2
Galatians,3,believed,2
Galatians,3,message,2
Galatians,3,heard,2
Galatians,3,give,2
Galatians,3,obey,2
Galatians,3,declare,2
Galatians,3,gentiles,2
Galatians,3,blessed,2
Galatians,3,blessing,2
Galatians,3,cursed,2
Galatians,3,everyone,2
Galatians,3,written,2
Galatians,3,person,2
Galatians,3,says,2
Galatians,3,hung,2
Galatians,3,promises,2
Galatians,3,child,2
Galatians,3,given,2
Galatians,3,people,2
Galatians,3,guardian,2
Galatians,3,longer,2
Galatians,3,oh,1
Galatians,3,galatians,1
Galatians,3,cast,1
Galatians,3,evil,1
Galatians,3,spell,1
Galatians,3,meaning,1
Galatians,3,christs,1
Galatians,3,seen,1
Galatians,3,picture,1
Galatians,3,question,1
Galatians,3,starting,1
Galatians,3,lives,1
Galatians,3,become,1
Galatians,3,perfect,1
Galatians,3,human,1
Galatians,3,effort,1
Galatians,3,experienced,1
Galatians,3,much,1
Galatians,3,nothing,1
Galatians,3,surely,1
Galatians,3,vain,1
Galatians,3,work,1
Galatians,3,miracles,1
Galatians,3,among,1
Galatians,3,believe,1
Galatians,3,counted,1
Galatians,3,real,1
Galatians,3,whats,1
Galatians,3,looked,1
Galatians,3,forward,1
Galatians,3,time,1
Galatians,3,proclaimed,1
Galatians,3,good,1
Galatians,3,news,1
Galatians,3,long,1
Galatians,3,ago,1
Galatians,3,said,1
Galatians,3,nations,1
Galatians,3,share,1
Galatians,3,depend,1
Galatians,3,make,1
Galatians,3,observe,1
Galatians,3,commands,1
Galatians,3,book,1
Galatians,3,keep,1
Galatians,3,different,1
Galatians,3,rescued,1
Galatians,3,pronounced,1
Galatians,3,took,1
Galatians,3,upon,1
Galatians,3,wrongdoing,1
Galatians,3,tree,1
Galatians,3,believers,1
Galatians,3,might,1
Galatians,3,dear,1
Galatians,3,brothers,1
Galatians,3,sisters,1
Galatians,3,heres,1
Galatians,3,example,1
Galatians,3,everyday,1
Galatians,3,set,1
Galatians,3,aside,1
Galatians,3,amend,1
Galatians,3,irrevocable,1
Galatians,3,case,1
Galatians,3,notice,1
Galatians,3,scripture,1
Galatians,3,doesnt,1
Galatians,3,meant,1
Galatians,3,many,1
Galatians,3,descendants,1
Galatians,3,rather,1
Galatians,3,childand,1
Galatians,3,means,1
Galatians,3,canceled,1
Galatians,3,430,1
Galatians,3,years,1
Galatians,3,later,1
Galatians,3,breaking,1
Galatians,3,inheritance,1
Galatians,3,keeping,1
Galatians,3,result,1
Galatians,3,accepting,1
Galatians,3,graciously,1
Galatians,3,alongside,1
Galatians,3,show,1
Galatians,3,sins,1
Galatians,3,designed,1
Galatians,3,last,1
Galatians,3,coming,1
Galatians,3,angels,1
Galatians,3,helpful,1
Galatians,3,party,1
Galatians,3,must,1
Galatians,3,reach,1
Galatians,3,use,1
Galatians,3,conflict,1
Galatians,3,absolutely,1
Galatians,3,prisoners,1
Galatians,3,sin,1
Galatians,3,freedom,1
Galatians,3,believing,1
Galatians,3,available,1
Galatians,3,placed,1
Galatians,3,guard,1
Galatians,3,kept,1
Galatians,3,protective,1
Galatians,3,custody,1
Galatians,3,speak,1
Galatians,3,revealed,1
Galatians,3,another,1
Galatians,3,came,1
Galatians,3,protected,1
Galatians,3,come,1
Galatians,3,need,1
Galatians,3,united,1
Galatians,3,baptism,1
Galatians,3,like,1
Galatians,3,putting,1
Galatians,3,clothes,1
Galatians,3,jew,1
Galatians,3,gentile,1
Galatians,3,slave,1
Galatians,3,free,1
Galatians,3,male,1
Galatians,3,female,1
Galatians,3,belong,1
Galatians,3,true,1
Galatians,3,heirs,1
Galatians,3,belongs,1
Galatians,4,children,11
Galatians,4,woman,10
Galatians,4,god,9
Galatians,4,son,7
Galatians,4,law,7
Galatians,4,slave,6
Galatians,4,slaves,5
Galatians,4,born,5
Galatians,4,gods,5
Galatians,4,father,4
Galatians,4,even,4
Galatians,4,us,4
Galatians,4,like,4
Galatians,4,child,4
Galatians,4,dear,4
Galatians,4,wife,4
Galatians,4,though,3
Galatians,4,christ,3
Galatians,4,right,3
Galatians,4,sent,3
Galatians,4,spirit,3
Galatians,4,know,3
Galatians,4,say,3
Galatians,4,want,3
Galatians,4,become,3
Galatians,4,brothers,3
Galatians,4,sisters,3
Galatians,4,live,3
Galatians,4,first,3
Galatians,4,good,3
Galatians,4,two,3
Galatians,4,promise,3
Galatians,4,free,3
Galatians,4,way,2
Galatians,4,inheritance,2
Galatians,4,actually,2
Galatians,4,thats,2
Galatians,4,came,2
Galatians,4,spiritual,2
Galatians,4,principles,2
Galatians,4,world,2
Galatians,4,time,2
Galatians,4,freedom,2
Galatians,4,could,2
Galatians,4,trying,2
Galatians,4,favor,2
Galatians,4,things,2
Galatians,4,joyful,2
Galatians,4,given,2
Galatians,4,eager,2
Galatians,4,im,2
Galatians,4,labor,2
Galatians,4,lives,2
Galatians,4,scriptures,2
Galatians,4,one,2
Galatians,4,freeborn,2
Galatians,4,human,2
Galatians,4,fulfillment,2
Galatians,4,represents,2
Galatians,4,mount,2
Galatians,4,sinai,2
Galatians,4,jerusalem,2
Galatians,4,never,2
Galatians,4,isaac,2
Galatians,4,persecuted,2
Galatians,4,think,1
Galatians,4,dies,1
Galatians,4,leaves,1
Galatians,4,young,1
Galatians,4,much,1
Galatians,4,better,1
Galatians,4,grow,1
Galatians,4,everything,1
Galatians,4,obey,1
Galatians,4,guardians,1
Galatians,4,reach,1
Galatians,4,whatever,1
Galatians,4,age,1
Galatians,4,set,1
Galatians,4,basic,1
Galatians,4,subject,1
Galatians,4,buy,1
Galatians,4,adopt,1
Galatians,4,hearts,1
Galatians,4,prompting,1
Galatians,4,call,1
Galatians,4,abba,1
Galatians,4,longer,1
Galatians,4,since,1
Galatians,4,made,1
Galatians,4,heir,1
Galatians,4,gentiles,1
Galatians,4,knew,1
Galatians,4,socalled,1
Galatians,4,exist,1
Galatians,4,knows,1
Galatians,4,go,1
Galatians,4,back,1
Galatians,4,weak,1
Galatians,4,useless,1
Galatians,4,earn,1
Galatians,4,observing,1
Galatians,4,certain,1
Galatians,4,days,1
Galatians,4,months,1
Galatians,4,seasons,1
Galatians,4,years,1
Galatians,4,fear,1
Galatians,4,perhaps,1
Galatians,4,hard,1
Galatians,4,work,1
Galatians,4,nothing,1
Galatians,4,plead,1
Galatians,4,gentilesfree,1
Galatians,4,laws,1
Galatians,4,mistreat,1
Galatians,4,preached,1
Galatians,4,surely,1
Galatians,4,remember,1
Galatians,4,sick,1
Galatians,4,brought,1
Galatians,4,news,1
Galatians,4,condition,1
Galatians,4,tempted,1
Galatians,4,reject,1
Galatians,4,despise,1
Galatians,4,turn,1
Galatians,4,away,1
Galatians,4,took,1
Galatians,4,cared,1
Galatians,4,angel,1
Galatians,4,jesus,1
Galatians,4,grateful,1
Galatians,4,felt,1
Galatians,4,sure,1
Galatians,4,would,1
Galatians,4,taken,1
Galatians,4,eyes,1
Galatians,4,possible,1
Galatians,4,enemy,1
Galatians,4,telling,1
Galatians,4,truth,1
Galatians,4,false,1
Galatians,4,teachers,1
Galatians,4,win,1
Galatians,4,intentions,1
Galatians,4,shut,1
Galatians,4,pay,1
Galatians,4,attention,1
Galatians,4,someone,1
Galatians,4,let,1
Galatians,4,oh,1
Galatians,4,feel,1
Galatians,4,going,1
Galatians,4,pains,1
Galatians,4,continue,1
Galatians,4,fully,1
Galatians,4,developed,1
Galatians,4,wish,1
Galatians,4,change,1
Galatians,4,tone,1
Galatians,4,distance,1
Galatians,4,dont,1
Galatians,4,else,1
Galatians,4,help,1
Galatians,4,tell,1
Galatians,4,says,1
Galatians,4,abraham,1
Galatians,4,sons,1
Galatians,4,attempt,1
Galatians,4,bring,1
Galatians,4,women,1
Galatians,4,serve,1
Galatians,4,illustration,1
Galatians,4,covenants,1
Galatians,4,hagar,1
Galatians,4,people,1
Galatians,4,received,1
Galatians,4,enslaved,1
Galatians,4,arabia,1
Galatians,4,slavery,1
Galatians,4,sarah,1
Galatians,4,heavenly,1
Galatians,4,mother,1
Galatians,4,isaiah,1
Galatians,4,said,1
Galatians,4,rejoice,1
Galatians,4,childless,1
Galatians,4,birth,1
Galatians,4,break,1
Galatians,4,shout,1
Galatians,4,desolate,1
Galatians,4,husband,1
Galatians,4,keep,1
Galatians,4,ishmael,1
Galatians,4,effort,1
Galatians,4,power,1
Galatians,4,get,1
Galatians,4,rid,1
Galatians,4,share,1
Galatians,4,womans,1
Galatians,5,one,8
Galatians,5,god,7
Galatians,5,spirit,7
Galatians,5,christ,6
Galatians,5,law,6
Galatians,5,sinful,6
Galatians,5,nature,6
Galatians,5,us,5
Galatians,5,another,5
Galatians,5,love,4
Galatians,5,freedom,4
Galatians,5,let,4
Galatians,5,desires,4
Galatians,5,free,3
Galatians,5,make,3
Galatians,5,say,3
Galatians,5,whole,3
Galatians,5,faith,3
Galatians,5,lives,3
Galatians,5,dont,2
Galatians,5,tell,2
Galatians,5,circumcision,2
Galatians,5,right,2
Galatians,5,benefit,2
Galatians,5,trying,2
Galatians,5,circumcised,2
Galatians,5,must,2
Galatians,5,every,2
Galatians,5,moses,2
Galatians,5,live,2
Galatians,5,jesus,2
Galatians,5,called,2
Galatians,5,false,2
Galatians,5,like,2
Galatians,5,brothers,2
Galatians,5,sisters,2
Galatians,5,still,2
Galatians,5,preaching,2
Galatians,5,cross,2
Galatians,5,would,2
Galatians,5,mutilate,2
Galatians,5,use,2
Galatians,5,holy,2
Galatians,5,wants,2
Galatians,5,opposite,2
Galatians,5,follow,2
Galatians,5,living,2
Galatians,5,truly,1
Galatians,5,set,1
Galatians,5,sure,1
Galatians,5,stay,1
Galatians,5,get,1
Galatians,5,tied,1
Galatians,5,slavery,1
Galatians,5,listen,1
Galatians,5,paul,1
Galatians,5,counting,1
Galatians,5,ill,1
Galatians,5,find,1
Galatians,5,favor,1
Galatians,5,obey,1
Galatians,5,regulation,1
Galatians,5,keeping,1
Galatians,5,cut,1
Galatians,5,fallen,1
Galatians,5,away,1
Galatians,5,gods,1
Galatians,5,grace,1
Galatians,5,eagerly,1
Galatians,5,wait,1
Galatians,5,receive,1
Galatians,5,righteousness,1
Galatians,5,promised,1
Galatians,5,place,1
Galatians,5,uncircumcised,1
Galatians,5,important,1
Galatians,5,expressing,1
Galatians,5,running,1
Galatians,5,race,1
Galatians,5,well,1
Galatians,5,held,1
Galatians,5,back,1
Galatians,5,following,1
Galatians,5,truth,1
Galatians,5,certainly,1
Galatians,5,isnt,1
Galatians,5,teaching,1
Galatians,5,little,1
Galatians,5,yeast,1
Galatians,5,spreads,1
Galatians,5,batch,1
Galatians,5,dough,1
Galatians,5,trusting,1
Galatians,5,lord,1
Galatians,5,keep,1
Galatians,5,believing,1
Galatians,5,teachings,1
Galatians,5,judge,1
Galatians,5,person,1
Galatians,5,whoever,1
Galatians,5,confusing,1
Galatians,5,dear,1
Galatians,5,circumcisedas,1
Galatians,5,dowhy,1
Galatians,5,persecuted,1
Galatians,5,longer,1
Galatians,5,salvation,1
Galatians,5,offended,1
Galatians,5,wish,1
Galatians,5,troublemakers,1
Galatians,5,want,1
Galatians,5,satisfy,1
Galatians,5,instead,1
Galatians,5,serve,1
Galatians,5,summed,1
Galatians,5,command,1
Galatians,5,neighbor,1
Galatians,5,always,1
Galatians,5,biting,1
Galatians,5,devouring,1
Galatians,5,watch,1
Galatians,5,beware,1
Galatians,5,destroying,1
Galatians,5,guide,1
Galatians,5,wont,1
Galatians,5,craves,1
Galatians,5,evil,1
Galatians,5,gives,1
Galatians,5,two,1
Galatians,5,forces,1
Galatians,5,constantly,1
Galatians,5,fighting,1
Galatians,5,carry,1
Galatians,5,good,1
Galatians,5,intentions,1
Galatians,5,directed,1
Galatians,5,obligation,1
Galatians,5,results,1
Galatians,5,clear,1
Galatians,5,sexual,1
Galatians,5,immorality,1
Galatians,5,impurity,1
Galatians,5,lustful,1
Galatians,5,pleasures,1
Galatians,5,idolatry,1
Galatians,5,sorcery,1
Galatians,5,hostility,1
Galatians,5,quarreling,1
Galatians,5,jealousy,1
Galatians,5,outbursts,1
Galatians,5,anger,1
Galatians,5,selfish,1
Galatians,5,ambition,1
Galatians,5,dissension,1
Galatians,5,division,1
Galatians,5,envy,1
Galatians,5,drunkenness,1
Galatians,5,wild,1
Galatians,5,parties,1
Galatians,5,sins,1
Galatians,5,anyone,1
Galatians,5,sort,1
Galatians,5,life,1
Galatians,5,inherit,1
Galatians,5,kingdom,1
Galatians,5,produces,1
Galatians,5,kind,1
Galatians,5,fruit,1
Galatians,5,joy,1
Galatians,5,peace,1
Galatians,5,patience,1
Galatians,5,kindness,1
Galatians,5,goodness,1
Galatians,5,faithfulness,1
Galatians,5,gentleness,1
Galatians,5,selfcontrol,1
Galatians,5,things,1
Galatians,5,belong,1
Galatians,5,nailed,1
Galatians,5,passions,1
Galatians,5,crucified,1
Galatians,5,since,1
Galatians,5,spirits,1
Galatians,5,leading,1
Galatians,5,part,1
Galatians,5,become,1
Galatians,5,conceited,1
Galatians,5,provoke,1
Galatians,5,jealous,1
Galatians,6,dont,5
Galatians,6,christ,4
Galatians,6,good,4
Galatians,6,harvest,4
Galatians,6,god,3
Galatians,6,live,3
Galatians,6,spirit,3
Galatians,6,circumcised,3
Galatians,6,want,3
Galatians,6,cross,3
Galatians,6,may,3
Galatians,6,jesus,3
Galatians,6,dear,2
Galatians,6,brothers,2
Galatians,6,sisters,2
Galatians,6,help,2
Galatians,6,right,2
Galatians,6,careful,2
Galatians,6,others,2
Galatians,6,law,2
Galatians,6,important,2
Galatians,6,get,2
Galatians,6,anyone,2
Galatians,6,things,2
Galatians,6,sinful,2
Galatians,6,nature,2
Galatians,6,boast,2
Galatians,6,lord,2
Galatians,6,interest,2
Galatians,6,whether,2
Galatians,6,new,2
Galatians,6,another,1
Galatians,6,believer,1
Galatians,6,overcome,1
Galatians,6,sin,1
Galatians,6,godly,1
Galatians,6,gently,1
Galatians,6,humbly,1
Galatians,6,person,1
Galatians,6,back,1
Galatians,6,onto,1
Galatians,6,path,1
Galatians,6,fall,1
Galatians,6,temptation,1
Galatians,6,share,1
Galatians,6,burdens,1
Galatians,6,way,1
Galatians,6,obey,1
Galatians,6,think,1
Galatians,6,someone,1
Galatians,6,fooling,1
Galatians,6,pay,1
Galatians,6,attention,1
Galatians,6,work,1
Galatians,6,satisfaction,1
Galatians,6,job,1
Galatians,6,well,1
Galatians,6,done,1
Galatians,6,wont,1
Galatians,6,need,1
Galatians,6,compare,1
Galatians,6,else,1
Galatians,6,responsible,1
Galatians,6,conduct,1
Galatians,6,taught,1
Galatians,6,word,1
Galatians,6,provide,1
Galatians,6,teachers,1
Galatians,6,sharing,1
Galatians,6,misledyou,1
Galatians,6,cannot,1
Galatians,6,mock,1
Galatians,6,justice,1
Galatians,6,always,1
Galatians,6,plant,1
Galatians,6,satisfy,1
Galatians,6,decay,1
Galatians,6,death,1
Galatians,6,please,1
Galatians,6,everlasting,1
Galatians,6,life,1
Galatians,6,lets,1
Galatians,6,tired,1
Galatians,6,time,1
Galatians,6,reap,1
Galatians,6,blessing,1
Galatians,6,give,1
Galatians,6,therefore,1
Galatians,6,whenever,1
Galatians,6,opportunity,1
Galatians,6,everyoneespecially,1
Galatians,6,family,1
Galatians,6,faith,1
Galatians,6,notice,1
Galatians,6,large,1
Galatians,6,letters,1
Galatians,6,use,1
Galatians,6,write,1
Galatians,6,closing,1
Galatians,6,words,1
Galatians,6,handwriting,1
Galatians,6,trying,1
Galatians,6,force,1
Galatians,6,look,1
Galatians,6,persecuted,1
Galatians,6,teaching,1
Galatians,6,alone,1
Galatians,6,save,1
Galatians,6,even,1
Galatians,6,advocate,1
Galatians,6,circumcision,1
Galatians,6,keep,1
Galatians,6,whole,1
Galatians,6,claim,1
Galatians,6,disciples,1
Galatians,6,never,1
Galatians,6,anything,1
Galatians,6,except,1
Galatians,6,world,1
Galatians,6,crucified,1
Galatians,6,worlds,1
Galatians,6,also,1
Galatians,6,died,1
Galatians,6,doesnt,1
Galatians,6,matter,1
Galatians,6,counts,1
Galatians,6,transformed,1
Galatians,6,creation,1
Galatians,6,gods,1
Galatians,6,peace,1
Galatians,6,mercy,1
Galatians,6,upon,1
Galatians,6,principle,1
Galatians,6,people,1
Galatians,6,let,1
Galatians,6,trouble,1
Galatians,6,bear,1
Galatians,6,body,1
Galatians,6,scars,1
Galatians,6,show,1
Galatians,6,belong,1
Galatians,6,grace,1
Galatians,6,amen,1
Philemon,1,christ,8
Philemon,1,jesus,6
Philemon,1,brother,5
Philemon,1,lord,4
Philemon,1,prisoner,3
Philemon,1,good,3
Philemon,1,god,3
Philemon,1,faith,3
Philemon,1,love,3
Philemon,1,much,3
Philemon,1,onesimus,3
Philemon,1,letter,2
Philemon,1,paul,2
Philemon,1,preaching,2
Philemon,1,news,2
Philemon,1,philemon,2
Philemon,1,beloved,2
Philemon,1,fellow,2
Philemon,1,may,2
Philemon,1,father,2
Philemon,1,give,2
Philemon,1,grace,2
Philemon,1,keep,2
Philemon,1,gods,2
Philemon,1,people,2
Philemon,1,comes,2
Philemon,1,kindness,2
Philemon,1,favor,2
Philemon,1,could,2
Philemon,1,ask,2
Philemon,1,consider,2
Philemon,1,man,2
Philemon,1,sake,2
Philemon,1,back,2
Philemon,1,wanted,2
Philemon,1,would,2
Philemon,1,anything,2
Philemon,1,slave,2
Philemon,1,welcome,2
Philemon,1,write,2
Philemon,1,timothy,1
Philemon,1,writing,1
Philemon,1,coworker,1
Philemon,1,sister,1
Philemon,1,apphia,1
Philemon,1,soldier,1
Philemon,1,archippus,1
Philemon,1,church,1
Philemon,1,meets,1
Philemon,1,house,1
Philemon,1,peace,1
Philemon,1,always,1
Philemon,1,thank,1
Philemon,1,pray,1
Philemon,1,hearing,1
Philemon,1,praying,1
Philemon,1,put,1
Philemon,1,action,1
Philemon,1,generosity,1
Philemon,1,understand,1
Philemon,1,experience,1
Philemon,1,things,1
Philemon,1,given,1
Philemon,1,joy,1
Philemon,1,comfort,1
Philemon,1,often,1
Philemon,1,refreshed,1
Philemon,1,hearts,1
Philemon,1,boldly,1
Philemon,1,asking,1
Philemon,1,demand,1
Philemon,1,name,1
Philemon,1,right,1
Philemon,1,thing,1
Philemon,1,prefer,1
Philemon,1,simply,1
Philemon,1,request,1
Philemon,1,mepaul,1
Philemon,1,old,1
Philemon,1,also,1
Philemon,1,appeal,1
Philemon,1,show,1
Philemon,1,child,1
Philemon,1,became,1
Philemon,1,prison,1
Philemon,1,hasnt,1
Philemon,1,use,1
Philemon,1,past,1
Philemon,1,useful,1
Philemon,1,us,1
Philemon,1,sending,1
Philemon,1,heart,1
Philemon,1,chains,1
Philemon,1,helped,1
Philemon,1,behalf,1
Philemon,1,didnt,1
Philemon,1,want,1
Philemon,1,without,1
Philemon,1,consent,1
Philemon,1,help,1
Philemon,1,willing,1
Philemon,1,forced,1
Philemon,1,seems,1
Philemon,1,lost,1
Philemon,1,little,1
Philemon,1,forever,1
Philemon,1,longer,1
Philemon,1,like,1
Philemon,1,especially,1
Philemon,1,mean,1
Philemon,1,partner,1
Philemon,1,wronged,1
Philemon,1,way,1
Philemon,1,owes,1
Philemon,1,charge,1
Philemon,1,hand,1
Philemon,1,repay,1
Philemon,1,wont,1
Philemon,1,mention,1
Philemon,1,owe,1
Philemon,1,soul,1
Philemon,1,yes,1
Philemon,1,please,1
Philemon,1,lords,1
Philemon,1,encouragement,1
Philemon,1,confident,1
Philemon,1,even,1
Philemon,1,one,1
Philemon,1,thingplease,1
Philemon,1,prepare,1
Philemon,1,guest,1
Philemon,1,room,1
Philemon,1,hoping,1
Philemon,1,answer,1
Philemon,1,prayers,1
Philemon,1,let,1
Philemon,1,return,1
Philemon,1,soon,1
Philemon,1,epaphras,1
Philemon,1,sends,1
Philemon,1,greetings,1
Philemon,1,mark,1
Philemon,1,aristarchus,1
Philemon,1,demas,1
Philemon,1,luke,1
Philemon,1,coworkers,1
Philemon,1,spirit,1
Philippians,1,christ,20
Philippians,1,jesus,8
Philippians,1,god,7
Philippians,1,good,7
Philippians,1,news,6
Philippians,1,know,6
Philippians,1,continue,5
Philippians,1,live,5
Philippians,1,preach,4
Philippians,1,better,4
Philippians,1,may,3
Philippians,1,pray,3
Philippians,1,work,3
Philippians,1,love,3
Philippians,1,pure,3
Philippians,1,motives,3
Philippians,1,whether,3
Philippians,1,even,3
Philippians,1,together,3
Philippians,1,gods,2
Philippians,1,including,2
Philippians,1,give,2
Philippians,1,time,2
Philippians,1,make,2
Philippians,1,joy,2
Philippians,1,day,2
Philippians,1,special,2
Philippians,1,imprisonment,2
Philippians,1,knows,2
Philippians,1,much,2
Philippians,1,long,2
Philippians,1,want,2
Philippians,1,really,2
Philippians,1,life,2
Philippians,1,bring,2
Philippians,1,chains,2
Philippians,1,message,2
Philippians,1,others,2
Philippians,1,way,2
Philippians,1,rejoice,2
Philippians,1,spirit,2
Philippians,1,past,2
Philippians,1,living,2
Philippians,1,dont,2
Philippians,1,faith,2
Philippians,1,come,2
Philippians,1,one,2
Philippians,1,going,2
Philippians,1,privilege,2
Philippians,1,struggle,2
Philippians,1,letter,1
Philippians,1,paul,1
Philippians,1,timothy,1
Philippians,1,slaves,1
Philippians,1,writing,1
Philippians,1,holy,1
Philippians,1,people,1
Philippians,1,philippi,1
Philippians,1,belong,1
Philippians,1,elders,1
Philippians,1,deacons,1
Philippians,1,father,1
Philippians,1,lord,1
Philippians,1,grace,1
Philippians,1,peace,1
Philippians,1,every,1
Philippians,1,think,1
Philippians,1,thanks,1
Philippians,1,whenever,1
Philippians,1,requests,1
Philippians,1,partners,1
Philippians,1,spreading,1
Philippians,1,first,1
Philippians,1,heard,1
Philippians,1,certain,1
Philippians,1,began,1
Philippians,1,within,1
Philippians,1,finally,1
Philippians,1,finished,1
Philippians,1,returns,1
Philippians,1,right,1
Philippians,1,feel,1
Philippians,1,place,1
Philippians,1,heart,1
Philippians,1,share,1
Philippians,1,favor,1
Philippians,1,defending,1
Philippians,1,confirming,1
Philippians,1,truth,1
Philippians,1,tender,1
Philippians,1,compassion,1
Philippians,1,overflow,1
Philippians,1,keep,1
Philippians,1,growing,1
Philippians,1,knowledge,1
Philippians,1,understanding,1
Philippians,1,understand,1
Philippians,1,matters,1
Philippians,1,blameless,1
Philippians,1,lives,1
Philippians,1,christs,1
Philippians,1,return,1
Philippians,1,always,1
Philippians,1,filled,1
Philippians,1,fruit,1
Philippians,1,salvationthe,1
Philippians,1,righteous,1
Philippians,1,character,1
Philippians,1,produced,1
Philippians,1,glory,1
Philippians,1,praise,1
Philippians,1,dear,1
Philippians,1,brothers,1
Philippians,1,sisters,1
Philippians,1,everything,1
Philippians,1,happened,1
Philippians,1,helped,1
Philippians,1,spread,1
Philippians,1,everyone,1
Philippians,1,whole,1
Philippians,1,palace,1
Philippians,1,guard,1
Philippians,1,believers,1
Philippians,1,gained,1
Philippians,1,confidence,1
Philippians,1,boldly,1
Philippians,1,speak,1
Philippians,1,without,1
Philippians,1,fear,1
Philippians,1,true,1
Philippians,1,preaching,1
Philippians,1,jealousy,1
Philippians,1,rivalry,1
Philippians,1,appointed,1
Philippians,1,defend,1
Philippians,1,selfish,1
Philippians,1,ambition,1
Philippians,1,sincerely,1
Philippians,1,intending,1
Philippians,1,painful,1
Philippians,1,doesnt,1
Philippians,1,matter,1
Philippians,1,false,1
Philippians,1,genuine,1
Philippians,1,preached,1
Philippians,1,either,1
Philippians,1,helps,1
Philippians,1,lead,1
Philippians,1,deliverance,1
Philippians,1,fully,1
Philippians,1,expect,1
Philippians,1,hope,1
Philippians,1,never,1
Philippians,1,ashamed,1
Philippians,1,bold,1
Philippians,1,trust,1
Philippians,1,honor,1
Philippians,1,die,1
Philippians,1,means,1
Philippians,1,dying,1
Philippians,1,fruitful,1
Philippians,1,im,1
Philippians,1,torn,1
Philippians,1,two,1
Philippians,1,desires,1
Philippians,1,go,1
Philippians,1,would,1
Philippians,1,far,1
Philippians,1,sakes,1
Philippians,1,knowing,1
Philippians,1,convinced,1
Philippians,1,remain,1
Philippians,1,alive,1
Philippians,1,help,1
Philippians,1,grow,1
Philippians,1,experience,1
Philippians,1,reason,1
Philippians,1,take,1
Philippians,1,pride,1
Philippians,1,must,1
Philippians,1,citizens,1
Philippians,1,heaven,1
Philippians,1,conducting,1
Philippians,1,manner,1
Philippians,1,worthy,1
Philippians,1,see,1
Philippians,1,hear,1
Philippians,1,standing,1
Philippians,1,purpose,1
Philippians,1,fighting,1
Philippians,1,intimidated,1
Philippians,1,enemies,1
Philippians,1,sign,1
Philippians,1,destroyed,1
Philippians,1,saved,1
Philippians,1,given,1
Philippians,1,trusting,1
Philippians,1,also,1
Philippians,1,suffering,1
Philippians,1,seen,1
Philippians,1,still,1
Philippians,1,midst,1
Philippians,2,god,11
Philippians,2,like,6
Philippians,2,christ,5
Philippians,2,one,5
Philippians,2,jesus,5
Philippians,2,others,4
Philippians,2,send,4
Philippians,2,dont,3
Philippians,2,lord,3
Philippians,2,work,3
Philippians,2,life,3
Philippians,2,joy,3
Philippians,2,timothy,3
Philippians,2,soon,3
Philippians,2,see,3
Philippians,2,love,2
Philippians,2,together,2
Philippians,2,another,2
Philippians,2,working,2
Philippians,2,humble,2
Philippians,2,gave,2
Philippians,2,human,2
Philippians,2,died,2
Philippians,2,death,2
Philippians,2,honor,2
Philippians,2,name,2
Philippians,2,every,2
Philippians,2,earth,2
Philippians,2,father,2
Philippians,2,away,2
Philippians,2,even,2
Philippians,2,people,2
Philippians,2,rejoice,2
Philippians,2,offering,2
Philippians,2,share,2
Philippians,2,hope,2
Philippians,2,know,2
Philippians,2,back,2
Philippians,2,ill,2
Philippians,2,encouragement,1
Philippians,2,belonging,1
Philippians,2,comfort,1
Philippians,2,fellowship,1
Philippians,2,spirit,1
Philippians,2,hearts,1
Philippians,2,tender,1
Philippians,2,compassionate,1
Philippians,2,make,1
Philippians,2,truly,1
Philippians,2,happy,1
Philippians,2,agreeing,1
Philippians,2,wholeheartedly,1
Philippians,2,loving,1
Philippians,2,mind,1
Philippians,2,purpose,1
Philippians,2,selfish,1
Philippians,2,try,1
Philippians,2,impress,1
Philippians,2,thinking,1
Philippians,2,better,1
Philippians,2,look,1
Philippians,2,interests,1
Philippians,2,take,1
Philippians,2,interest,1
Philippians,2,must,1
Philippians,2,attitude,1
Philippians,2,though,1
Philippians,2,think,1
Philippians,2,equality,1
Philippians,2,something,1
Philippians,2,cling,1
Philippians,2,instead,1
Philippians,2,divine,1
Philippians,2,privileges,1
Philippians,2,took,1
Philippians,2,position,1
Philippians,2,slave,1
Philippians,2,born,1
Philippians,2,appeared,1
Philippians,2,form,1
Philippians,2,humbled,1
Philippians,2,obedience,1
Philippians,2,criminals,1
Philippians,2,cross,1
Philippians,2,therefore,1
Philippians,2,elevated,1
Philippians,2,place,1
Philippians,2,highest,1
Philippians,2,names,1
Philippians,2,knee,1
Philippians,2,bow,1
Philippians,2,heaven,1
Philippians,2,tongue,1
Philippians,2,declare,1
Philippians,2,glory,1
Philippians,2,dear,1
Philippians,2,friends,1
Philippians,2,always,1
Philippians,2,followed,1
Philippians,2,instructions,1
Philippians,2,important,1
Philippians,2,hard,1
Philippians,2,show,1
Philippians,2,results,1
Philippians,2,salvation,1
Philippians,2,obeying,1
Philippians,2,deep,1
Philippians,2,reverence,1
Philippians,2,fear,1
Philippians,2,giving,1
Philippians,2,desire,1
Philippians,2,power,1
Philippians,2,pleases,1
Philippians,2,everything,1
Philippians,2,without,1
Philippians,2,complaining,1
Philippians,2,arguing,1
Philippians,2,criticize,1
Philippians,2,live,1
Philippians,2,clean,1
Philippians,2,innocent,1
Philippians,2,lives,1
Philippians,2,children,1
Philippians,2,shining,1
Philippians,2,bright,1
Philippians,2,lights,1
Philippians,2,world,1
Philippians,2,full,1
Philippians,2,crooked,1
Philippians,2,perverse,1
Philippians,2,hold,1
Philippians,2,firmly,1
Philippians,2,word,1
Philippians,2,day,1
Philippians,2,christs,1
Philippians,2,return,1
Philippians,2,proud,1
Philippians,2,run,1
Philippians,2,race,1
Philippians,2,vain,1
Philippians,2,useless,1
Philippians,2,lose,1
Philippians,2,pouring,1
Philippians,2,liquid,1
Philippians,2,faithful,1
Philippians,2,service,1
Philippians,2,want,1
Philippians,2,yes,1
Philippians,2,willing,1
Philippians,2,visit,1
Philippians,2,cheer,1
Philippians,2,telling,1
Philippians,2,getting,1
Philippians,2,along,1
Philippians,2,else,1
Philippians,2,genuinely,1
Philippians,2,cares,1
Philippians,2,welfare,1
Philippians,2,care,1
Philippians,2,matters,1
Philippians,2,proved,1
Philippians,2,son,1
Philippians,2,served,1
Philippians,2,preaching,1
Philippians,2,good,1
Philippians,2,news,1
Philippians,2,find,1
Philippians,2,going,1
Philippians,2,happen,1
Philippians,2,confidence,1
Philippians,2,come,1
Philippians,2,meanwhile,1
Philippians,2,thought,1
Philippians,2,epaphroditus,1
Philippians,2,true,1
Philippians,2,brother,1
Philippians,2,coworker,1
Philippians,2,fellow,1
Philippians,2,soldier,1
Philippians,2,messenger,1
Philippians,2,help,1
Philippians,2,need,1
Philippians,2,sending,1
Philippians,2,longing,1
Philippians,2,distressed,1
Philippians,2,heard,1
Philippians,2,certainly,1
Philippians,2,fact,1
Philippians,2,almost,1
Philippians,2,mercy,1
Philippians,2,himand,1
Philippians,2,also,1
Philippians,2,would,1
Philippians,2,sorrow,1
Philippians,2,anxious,1
Philippians,2,glad,1
Philippians,2,worried,1
Philippians,2,welcome,1
Philippians,2,lords,1
Philippians,2,great,1
Philippians,2,give,1
Philippians,2,deserve,1
Philippians,2,risked,1
Philippians,2,point,1
Philippians,2,couldnt,1
Philippians,2,far,1
Philippians,3,christ,10
Philippians,3,things,5
Philippians,3,jesus,5
Philippians,3,god,4
Philippians,3,one,4
Philippians,3,dear,3
Philippians,3,brothers,3
Philippians,3,sisters,3
Philippians,3,lord,3
Philippians,3,faith,3
Philippians,3,say,3
Philippians,3,circumcised,3
Philippians,3,us,3
Philippians,3,confidence,3
Philippians,3,could,3
Philippians,3,law,3
Philippians,3,everything,3
Philippians,3,already,3
Philippians,3,must,2
Philippians,3,done,2
Philippians,3,effort,2
Philippians,3,member,2
Philippians,3,righteousness,2
Philippians,3,worthless,2
Philippians,3,else,2
Philippians,3,become,2
Philippians,3,way,2
Philippians,3,want,2
Philippians,3,experience,2
Philippians,3,power,2
Philippians,3,dead,2
Philippians,3,achieved,2
Philippians,3,perfection,2
Philippians,3,press,2
Philippians,3,lives,2
Philippians,3,bodies,2
Philippians,3,whatever,1
Philippians,3,happens,1
Philippians,3,rejoice,1
Philippians,3,never,1
Philippians,3,get,1
Philippians,3,tired,1
Philippians,3,telling,1
Philippians,3,safeguard,1
Philippians,3,watch,1
Philippians,3,dogs,1
Philippians,3,people,1
Philippians,3,evil,1
Philippians,3,mutilators,1
Philippians,3,saved,1
Philippians,3,worship,1
Philippians,3,spirit,1
Philippians,3,ones,1
Philippians,3,truly,1
Philippians,3,rely,1
Philippians,3,put,1
Philippians,3,human,1
Philippians,3,though,1
Philippians,3,anyone,1
Philippians,3,indeed,1
Philippians,3,others,1
Philippians,3,reason,1
Philippians,3,efforts,1
Philippians,3,even,1
Philippians,3,eight,1
Philippians,3,days,1
Philippians,3,old,1
Philippians,3,pureblooded,1
Philippians,3,citizen,1
Philippians,3,israel,1
Philippians,3,tribe,1
Philippians,3,benjamina,1
Philippians,3,real,1
Philippians,3,hebrew,1
Philippians,3,ever,1
Philippians,3,pharisees,1
Philippians,3,demand,1
Philippians,3,strictest,1
Philippians,3,obedience,1
Philippians,3,jewish,1
Philippians,3,zealous,1
Philippians,3,harshly,1
Philippians,3,persecuted,1
Philippians,3,church,1
Philippians,3,obeyed,1
Philippians,3,without,1
Philippians,3,fault,1
Philippians,3,thought,1
Philippians,3,valuable,1
Philippians,3,consider,1
Philippians,3,yes,1
Philippians,3,compared,1
Philippians,3,infinite,1
Philippians,3,value,1
Philippians,3,knowing,1
Philippians,3,sake,1
Philippians,3,discarded,1
Philippians,3,counting,1
Philippians,3,garbage,1
Philippians,3,gain,1
Philippians,3,longer,1
Philippians,3,count,1
Philippians,3,obeying,1
Philippians,3,rather,1
Philippians,3,righteous,1
Philippians,3,gods,1
Philippians,3,making,1
Philippians,3,right,1
Philippians,3,depends,1
Philippians,3,know,1
Philippians,3,mighty,1
Philippians,3,raised,1
Philippians,3,suffer,1
Philippians,3,sharing,1
Philippians,3,death,1
Philippians,3,another,1
Philippians,3,resurrection,1
Philippians,3,dont,1
Philippians,3,mean,1
Philippians,3,reached,1
Philippians,3,possess,1
Philippians,3,first,1
Philippians,3,possessed,1
Philippians,3,focus,1
Philippians,3,thing,1
Philippians,3,forgetting,1
Philippians,3,past,1
Philippians,3,looking,1
Philippians,3,forward,1
Philippians,3,lies,1
Philippians,3,ahead,1
Philippians,3,reach,1
Philippians,3,end,1
Philippians,3,race,1
Philippians,3,receive,1
Philippians,3,heavenly,1
Philippians,3,prize,1
Philippians,3,calling,1
Philippians,3,let,1
Philippians,3,spiritually,1
Philippians,3,mature,1
Philippians,3,agree,1
Philippians,3,disagree,1
Philippians,3,point,1
Philippians,3,believe,1
Philippians,3,make,1
Philippians,3,plain,1
Philippians,3,hold,1
Philippians,3,progress,1
Philippians,3,made,1
Philippians,3,pattern,1
Philippians,3,mine,1
Philippians,3,learn,1
Philippians,3,follow,1
Philippians,3,example,1
Philippians,3,told,1
Philippians,3,often,1
Philippians,3,tears,1
Philippians,3,eyes,1
Philippians,3,many,1
Philippians,3,whose,1
Philippians,3,conduct,1
Philippians,3,shows,1
Philippians,3,really,1
Philippians,3,enemies,1
Philippians,3,cross,1
Philippians,3,headed,1
Philippians,3,destruction,1
Philippians,3,appetite,1
Philippians,3,brag,1
Philippians,3,shameful,1
Philippians,3,think,1
Philippians,3,life,1
Philippians,3,earth,1
Philippians,3,citizens,1
Philippians,3,heaven,1
Philippians,3,eagerly,1
Philippians,3,waiting,1
Philippians,3,return,1
Philippians,3,savior,1
Philippians,3,take,1
Philippians,3,weak,1
Philippians,3,mortal,1
Philippians,3,change,1
Philippians,3,glorious,1
Philippians,3,like,1
Philippians,3,using,1
Philippians,3,bring,1
Philippians,3,control,1
Philippians,4,lord,6
Philippians,4,god,5
Philippians,4,christ,5
Philippians,4,help,4
Philippians,4,jesus,4
Philippians,4,dear,3
Philippians,4,brothers,3
Philippians,4,true,3
Philippians,4,everything,3
Philippians,4,gods,3
Philippians,4,peace,3
Philippians,4,learned,3
Philippians,4,know,3
Philippians,4,greetings,3
Philippians,4,sisters,2
Philippians,4,see,2
Philippians,4,joy,2
Philippians,4,receive,2
Philippians,4,belong,2
Philippians,4,worked,2
Philippians,4,good,2
Philippians,4,news,2
Philippians,4,rest,2
Philippians,4,always,2
Philippians,4,full,2
Philippians,4,say,2
Philippians,4,dont,2
Philippians,4,anything,2
Philippians,4,need,2
Philippians,4,done,2
Philippians,4,live,2
Philippians,4,praise,2
Philippians,4,concerned,2
Philippians,4,ever,2
Philippians,4,even,2
Philippians,4,sent,2
Philippians,4,want,2
Philippians,4,send,2
Philippians,4,therefore,1
Philippians,4,stay,1
Philippians,4,love,1
Philippians,4,long,1
Philippians,4,friends,1
Philippians,4,crown,1
Philippians,4,work,1
Philippians,4,appeal,1
Philippians,4,euodia,1
Philippians,4,syntyche,1
Philippians,4,please,1
Philippians,4,settle,1
Philippians,4,disagreement,1
Philippians,4,ask,1
Philippians,4,partner,1
Philippians,4,two,1
Philippians,4,women,1
Philippians,4,hard,1
Philippians,4,telling,1
Philippians,4,others,1
Philippians,4,along,1
Philippians,4,clement,1
Philippians,4,coworkers,1
Philippians,4,whose,1
Philippians,4,names,1
Philippians,4,written,1
Philippians,4,book,1
Philippians,4,life,1
Philippians,4,againrejoice,1
Philippians,4,let,1
Philippians,4,everyone,1
Philippians,4,considerate,1
Philippians,4,remember,1
Philippians,4,coming,1
Philippians,4,soon,1
Philippians,4,worry,1
Philippians,4,instead,1
Philippians,4,pray,1
Philippians,4,tell,1
Philippians,4,thank,1
Philippians,4,experience,1
Philippians,4,exceeds,1
Philippians,4,understand,1
Philippians,4,guard,1
Philippians,4,hearts,1
Philippians,4,minds,1
Philippians,4,one,1
Philippians,4,final,1
Philippians,4,thing,1
Philippians,4,fix,1
Philippians,4,thoughts,1
Philippians,4,honorable,1
Philippians,4,right,1
Philippians,4,pure,1
Philippians,4,lovely,1
Philippians,4,admirable,1
Philippians,4,think,1
Philippians,4,things,1
Philippians,4,excellent,1
Philippians,4,worthy,1
Philippians,4,keep,1
Philippians,4,putting,1
Philippians,4,practice,1
Philippians,4,received,1
Philippians,4,meeverything,1
Philippians,4,heard,1
Philippians,4,saw,1
Philippians,4,didnt,1
Philippians,4,chance,1
Philippians,4,content,1
Philippians,4,whatever,1
Philippians,4,almost,1
Philippians,4,nothing,1
Philippians,4,secret,1
Philippians,4,living,1
Philippians,4,every,1
Philippians,4,situation,1
Philippians,4,whether,1
Philippians,4,stomach,1
Philippians,4,empty,1
Philippians,4,plenty,1
Philippians,4,little,1
Philippians,4,gives,1
Philippians,4,strength,1
Philippians,4,well,1
Philippians,4,share,1
Philippians,4,present,1
Philippians,4,difficulty,1
Philippians,4,philippians,1
Philippians,4,ones,1
Philippians,4,gave,1
Philippians,4,financial,1
Philippians,4,first,1
Philippians,4,brought,1
Philippians,4,traveled,1
Philippians,4,macedonia,1
Philippians,4,church,1
Philippians,4,thessalonica,1
Philippians,4,gift,1
Philippians,4,rather,1
Philippians,4,reward,1
Philippians,4,kindness,1
Philippians,4,moment,1
Philippians,4,needand,1
Philippians,4,generously,1
Philippians,4,supplied,1
Philippians,4,gifts,1
Philippians,4,epaphroditus,1
Philippians,4,sweetsmelling,1
Philippians,4,sacrifice,1
Philippians,4,acceptable,1
Philippians,4,pleasing,1
Philippians,4,takes,1
Philippians,4,care,1
Philippians,4,supply,1
Philippians,4,needs,1
Philippians,4,glorious,1
Philippians,4,riches,1
Philippians,4,given,1
Philippians,4,us,1
Philippians,4,glory,1
Philippians,4,father,1
Philippians,4,forever,1
Philippians,4,amen,1
Philippians,4,give,1
Philippians,4,holy,1
Philippians,4,peopleall,1
Philippians,4,people,1
Philippians,4,especially,1
Philippians,4,caesars,1
Philippians,4,household,1
Philippians,4,may,1
Philippians,4,grace,1
Philippians,4,spirit,1
